Source,Location ID,City,State,Country,Latitude,Longitude,Time Zone,Elevation,Local Time Zone,Dew Point Units,DHI Units,DNI Units,GHI Units,Version
NSRDB,1143431,-,-,-,38.89,-77.1,0,78,-5,c,w/m2,w/m2,w/m2,3.1.1
Year,Month,Day,GHI,DNI,DHI,,,,,,,,,
2017,1,1,116.0651557,188.0293927,42.28187669,,,,,,,,,
2017,1,2,116.0436213,188.0171413,42.26842289,,,,,,,,,
2017,1,3,116.0220868,188.0048898,42.2549691,,,,,,,,,
2017,1,4,116.0005523,187.9926384,42.2415153,,,,,,,,,
2017,1,5,115.9790178,187.980387,42.2280615,,,,,,,,,
2017,1,6,115.9574834,187.9681356,42.2146077,,,,,,,,,
2017,1,7,115.9359489,187.9558842,42.20115391,,,,,,,,,
2017,1,8,115.9144144,187.9436328,42.18770011,,,,,,,,,
2017,1,9,115.89288,187.9313813,42.17424631,,,,,,,,,
2017,1,10,115.8713455,187.9191299,42.16079251,,,,,,,,,
2017,1,11,115.849811,187.9068785,42.14733872,,,,,,,,,
2017,1,12,115.8282765,187.8946271,42.13388492,,,,,,,,,
2017,1,13,115.8067421,187.8823757,42.12043112,,,,,,,,,
2017,1,14,115.7852076,187.8701242,42.10697733,,,,,,,,,
2017,1,15,115.7636731,187.8578728,42.09352353,,,,,,,,,
2017,1,16,115.7421387,187.8456214,42.08006973,,,,,,,,,
2017,1,17,115.7206042,187.83337,42.06661593,,,,,,,,,
2017,1,18,115.6990697,187.8211186,42.05316214,,,,,,,,,
2017,1,19,115.6775352,187.8088672,42.03970834,,,,,,,,,
2017,1,20,115.6560008,187.7966157,42.02625454,,,,,,,,,
2017,1,21,115.6344663,187.7843643,42.01280075,,,,,,,,,
2017,1,22,115.6129318,187.7721129,41.99934695,,,,,,,,,
2017,1,23,115.5913973,187.7598615,41.98589315,,,,,,,,,
2017,1,24,115.5698629,187.7476101,41.97243935,,,,,,,,,
2017,1,25,115.5483284,187.7353586,41.95898556,,,,,,,,,
2017,1,26,115.5267939,187.7231072,41.94553176,,,,,,,,,
2017,1,27,115.5052595,187.7108558,41.93207796,,,,,,,,,
2017,1,28,115.483725,187.6986044,41.91862416,,,,,,,,,
2017,1,29,115.4621905,187.686353,41.90517037,,,,,,,,,
2017,1,30,115.440656,187.6741016,41.89171657,,,,,,,,,
2017,1,31,115.4191216,187.6618501,41.87826277,,,,,,,,,
2017,2,1,115.3975871,187.6495987,41.86480898,,,,,,,,,
2017,2,2,115.3760526,187.6373473,41.85135518,,,,,,,,,
2017,2,3,115.3545182,187.6250959,41.83790138,,,,,,,,,
2017,2,4,115.3329837,187.6128445,41.82444758,,,,,,,,,
2017,2,5,115.3114492,187.600593,41.81099379,,,,,,,,,
2017,2,6,115.2899147,187.5883416,41.79753999,,,,,,,,,
2017,2,7,115.2683803,187.5760902,41.78408619,,,,,,,,,
2017,2,8,115.2468458,187.5638388,41.7706324,,,,,,,,,
2017,2,9,115.2253113,187.5515874,41.7571786,,,,,,,,,
2017,2,10,115.2037768,187.539336,41.74372481,,,,,,,,,
2017,2,11,115.1822423,187.5270846,41.73027101,,,,,,,,,
2017,2,12,115.1607079,187.5148332,41.71681722,,,,,,,,,
2017,2,13,115.1391734,187.5025817,41.70336342,,,,,,,,,
2017,2,14,115.1176389,187.4903303,41.68990962,,,,,,,,,
2017,2,15,115.0961044,187.4780789,41.67645583,,,,,,,,,
2017,2,16,115.07457,187.4658275,41.66300203,,,,,,,,,
2017,2,17,115.0530355,187.4535761,41.64954824,,,,,,,,,
2017,2,18,115.031501,187.4413247,41.63609444,,,,,,,,,
2017,2,19,115.0099665,187.4290733,41.62264064,,,,,,,,,
2017,2,20,114.988432,187.4168219,41.60918685,,,,,,,,,
2017,2,21,114.9668976,187.4045704,41.59573305,,,,,,,,,
2017,2,22,114.9453631,187.392319,41.58227926,,,,,,,,,
2017,2,23,114.9238286,187.3800676,41.56882546,,,,,,,,,
2017,2,24,114.9022941,187.3678162,41.55537166,,,,,,,,,
2017,2,25,114.8807597,187.3555648,41.54191787,,,,,,,,,
2017,2,26,114.8592252,187.3433134,41.52846407,,,,,,,,,
2017,2,27,114.8376907,187.331062,41.51501028,,,,,,,,,
2017,2,28,114.8161562,187.3188106,41.50155648,,,,,,,,,
2017,3,1,114.7946218,187.3065591,41.48810269,,,,,,,,,
2017,3,2,114.7730873,187.2943077,41.47464889,,,,,,,,,
2017,3,3,114.7515528,187.2820563,41.46119509,,,,,,,,,
2017,3,4,114.7300183,187.2698049,41.4477413,,,,,,,,,
2017,3,5,114.7084838,187.2575535,41.4342875,,,,,,,,,
2017,3,6,114.6869494,187.2453021,41.42083371,,,,,,,,,
2017,3,7,114.6654149,187.2330507,41.40737991,,,,,,,,,
2017,3,8,114.6438804,187.2207993,41.39392611,,,,,,,,,
2017,3,9,114.6223459,187.2085478,41.38047232,,,,,,,,,
2017,3,10,114.6008115,187.1962964,41.36701852,,,,,,,,,
2017,3,11,114.579277,187.184045,41.35356473,,,,,,,,,
2017,3,12,114.5577425,187.1717936,41.34011093,,,,,,,,,
2017,3,13,114.536208,187.1595422,41.32665713,,,,,,,,,
2017,3,14,114.5146735,187.1472908,41.31320333,,,,,,,,,
2017,3,15,114.4931391,187.1350394,41.29974953,,,,,,,,,
2017,3,16,114.4716046,187.122788,41.28629573,,,,,,,,,
2017,3,17,114.4500701,187.1105365,41.27284194,,,,,,,,,
2017,3,18,114.4285356,187.0982851,41.25938814,,,,,,,,,
2017,3,19,114.4070011,187.0860337,41.24593434,,,,,,,,,
2017,3,20,114.3854667,187.0737823,41.23248054,,,,,,,,,
2017,3,21,114.3639322,187.0615309,41.21902674,,,,,,,,,
2017,3,22,114.3423977,187.0492795,41.20557294,,,,,,,,,
2017,3,23,114.3208632,187.0370281,41.19211914,,,,,,,,,
2017,3,24,114.2993287,187.0247767,41.17866534,,,,,,,,,
2017,3,25,114.2777943,187.0125253,41.16521154,,,,,,,,,
2017,3,26,114.2562598,187.0002739,41.15175774,,,,,,,,,
2017,3,27,114.2347253,186.9880224,41.13830394,,,,,,,,,
2017,3,28,114.2131908,186.975771,41.12485014,,,,,,,,,
2017,3,29,114.1916563,186.9635196,41.11139634,,,,,,,,,
2017,3,30,114.1701219,186.9512682,41.09794255,,,,,,,,,
2017,3,31,114.1485874,186.9390168,41.08448875,,,,,,,,,
2017,4,1,114.1270529,186.9267654,41.07103495,,,,,,,,,
2017,4,2,114.1055184,186.914514,41.05758115,,,,,,,,,
2017,4,3,114.0839839,186.9022626,41.04412735,,,,,,,,,
2017,4,4,114.0624494,186.8900112,41.03067355,,,,,,,,,
2017,4,5,114.040915,186.8777597,41.01721975,,,,,,,,,
2017,4,6,114.0193805,186.8655083,41.00376595,,,,,,,,,
2017,4,7,113.997846,186.8532569,40.99031215,,,,,,,,,
2017,4,8,113.9763115,186.8410055,40.97685835,,,,,,,,,
2017,4,9,113.954777,186.8287541,40.96340455,,,,,,,,,
2017,4,10,113.9332426,186.8165027,40.94995075,,,,,,,,,
2017,4,11,113.9117081,186.8042513,40.93649695,,,,,,,,,
2017,4,12,113.8901736,186.7919999,40.92304315,,,,,,,,,
2017,4,13,113.8686391,186.7797485,40.90958936,,,,,,,,,
2017,4,14,113.8471046,186.767497,40.89613556,,,,,,,,,
2017,4,15,113.8255702,186.7552456,40.88268176,,,,,,,,,
2017,4,16,113.8040357,186.7429942,40.86922796,,,,,,,,,
2017,4,17,113.7825012,186.7307428,40.85577415,,,,,,,,,
2017,4,18,113.7609667,186.7184914,40.84232034,,,,,,,,,
2017,4,19,113.7394322,186.70624,40.82886653,,,,,,,,,
2017,4,20,113.7178977,186.6939886,40.81541272,,,,,,,,,
2017,4,21,113.6963632,186.6817372,40.80195891,,,,,,,,,
2017,4,22,113.6748287,186.6694858,40.7885051,,,,,,,,,
2017,4,23,113.6532942,186.6572343,40.77505128,,,,,,,,,
2017,4,24,113.6317597,186.6449829,40.76159747,,,,,,,,,
2017,4,25,113.6102252,186.6327315,40.74814366,,,,,,,,,
2017,4,26,113.5886907,186.6204801,40.73468985,,,,,,,,,
2017,4,27,113.5671562,186.6082287,40.72123604,,,,,,,,,
2017,4,28,113.5456217,186.5959773,40.70778223,,,,,,,,,
2017,4,29,113.5240872,186.5837259,40.69432842,,,,,,,,,
2017,4,30,113.5025527,186.5714745,40.68087461,,,,,,,,,
2017,5,1,113.4810182,186.559223,40.6674208,,,,,,,,,
2017,5,2,113.4594837,186.5469716,40.65396699,,,,,,,,,
2017,5,3,113.4379492,186.5347202,40.64051318,,,,,,,,,
2017,5,4,113.4164147,186.5224688,40.62705937,,,,,,,,,
2017,5,5,113.3948802,186.5102174,40.61360556,,,,,,,,,
2017,5,6,113.3733457,186.497966,40.60015175,,,,,,,,,
2017,5,7,113.3518112,186.4857146,40.58669794,,,,,,,,,
2017,5,8,113.3302767,186.4734632,40.57324413,,,,,,,,,
2017,5,9,113.3087422,186.4612117,40.55979032,,,,,,,,,
2017,5,10,113.2872077,186.4489603,40.54633651,,,,,,,,,
2017,5,11,113.2656732,186.4367089,40.5328827,,,,,,,,,
2017,5,12,113.2441387,186.4244575,40.51942889,,,,,,,,,
2017,5,13,113.2226042,186.4122061,40.50597508,,,,,,,,,
2017,5,14,113.2010697,186.3999547,40.49252126,,,,,,,,,
2017,5,15,113.1795352,186.3877033,40.47906745,,,,,,,,,
2017,5,16,113.1580007,186.3754519,40.46561364,,,,,,,,,
2017,5,17,113.1364662,186.3632005,40.45215983,,,,,,,,,
2017,5,18,113.1149317,186.350949,40.43870602,,,,,,,,,
2017,5,19,113.0933972,186.3386976,40.42525221,,,,,,,,,
2017,5,20,113.0718627,186.3264462,40.4117984,,,,,,,,,
2017,5,21,113.0503282,186.3141948,40.39834459,,,,,,,,,
2017,5,22,113.0287937,186.3019434,40.38323535,,,,,,,,,
2017,5,23,113.0072592,186.289692,40.36812611,,,,,,,,,
2017,5,24,112.9857247,186.2774406,40.35301687,,,,,,,,,
2017,5,25,112.9641901,186.2651892,40.33790764,,,,,,,,,
2017,5,26,112.9426556,186.2529378,40.3227984,,,,,,,,,
2017,5,27,112.9211211,186.2406864,40.30768916,,,,,,,,,
2017,5,28,112.8995866,186.228435,40.29257992,,,,,,,,,
2017,5,29,112.8780521,186.2161836,40.27747068,,,,,,,,,
2017,5,30,112.8565176,186.2039323,40.26236144,,,,,,,,,
2017,5,31,112.8349831,186.1916809,40.2472522,,,,,,,,,
2017,6,1,112.8134486,186.1794295,40.23214296,,,,,,,,,
2017,6,2,112.7919141,186.1671781,40.21703373,,,,,,,,,
2017,6,3,112.7703796,186.1549267,40.20192449,,,,,,,,,
2017,6,4,112.7488451,186.1426753,40.18681525,,,,,,,,,
2017,6,5,112.7273106,186.1304239,40.17170601,,,,,,,,,
2017,6,6,112.7057761,186.1181725,40.15659677,,,,,,,,,
2017,6,7,112.6842416,186.1059211,40.14148753,,,,,,,,,
2017,6,8,112.6627071,186.0936697,40.12637829,,,,,,,,,
2017,6,9,112.6411726,186.0814183,40.11126905,,,,,,,,,
2017,6,10,112.6196381,186.0691669,40.09615981,,,,,,,,,
2017,6,11,112.5981036,186.0569155,40.08105058,,,,,,,,,
2017,6,12,112.5765691,186.0446641,40.06594134,,,,,,,,,
2017,6,13,112.5550346,186.0324127,40.0508321,,,,,,,,,
2017,6,14,112.5335001,186.0201613,40.03572286,,,,,,,,,
2017,6,15,112.5119656,186.0079099,40.02061362,,,,,,,,,
2017,6,16,112.4904311,185.9956586,40.00550438,,,,,,,,,
2017,6,17,112.4688966,185.9834072,39.99039514,,,,,,,,,
2017,6,18,112.4473621,185.9711558,39.9752859,,,,,,,,,
2017,6,19,112.4258276,185.9589044,39.96017666,,,,,,,,,
2017,6,20,112.4042931,185.946653,39.94506743,,,,,,,,,
2017,6,21,112.3827586,185.9344016,39.92995819,,,,,,,,,
2017,6,22,112.3612241,185.9221502,39.91484895,,,,,,,,,
2017,6,23,112.3396896,185.9098988,39.89973971,,,,,,,,,
2017,6,24,112.3181551,185.8976474,39.88463047,,,,,,,,,
2017,6,25,112.2966206,185.885396,39.86952123,,,,,,,,,
2017,6,26,112.2750861,185.8731446,39.85301249,,,,,,,,,
2017,6,27,112.2535516,185.8608932,39.83650375,,,,,,,,,
2017,6,28,112.232017,185.8486418,39.819995,,,,,,,,,
2017,6,29,112.2104825,185.8363904,39.80348626,,,,,,,,,
2017,6,30,112.188948,185.8241391,39.78697752,,,,,,,,,
2017,7,1,112.1674135,185.8118877,39.77046877,,,,,,,,,
2017,7,2,112.1458789,185.7996363,39.75396003,,,,,,,,,
2017,7,3,112.1243444,185.7873849,39.73745129,,,,,,,,,
2017,7,4,112.1028099,185.7751335,39.72094255,,,,,,,,,
2017,7,5,112.0812754,185.7628821,39.7044338,,,,,,,,,
2017,7,6,112.0597408,185.7506307,39.68792506,,,,,,,,,
2017,7,7,112.0382063,185.7383793,39.67141632,,,,,,,,,
2017,7,8,112.0166718,185.7261279,39.65490758,,,,,,,,,
2017,7,9,111.9951373,185.7138765,39.63839883,,,,,,,,,
2017,7,10,111.9736027,185.7016252,39.62189009,,,,,,,,,
2017,7,11,111.9520682,185.6893738,39.60538135,,,,,,,,,
2017,7,12,111.9305337,185.6771224,39.5888726,,,,,,,,,
2017,7,13,111.9089992,185.664871,39.57236386,,,,,,,,,
2017,7,14,111.8874646,185.6526196,39.55585512,,,,,,,,,
2017,7,15,111.8659301,185.6403682,39.53934638,,,,,,,,,
2017,7,16,111.8443956,185.6281168,39.52283763,,,,,,,,,
2017,7,17,111.8228611,185.6158654,39.50632889,,,,,,,,,
2017,7,18,111.8013265,185.603614,39.48982015,,,,,,,,,
2017,7,19,111.779792,185.5913626,39.4733114,,,,,,,,,
2017,7,20,111.7582575,185.5791113,39.45680266,,,,,,,,,
2017,7,21,111.736723,185.5668599,39.44029392,,,,,,,,,
2017,7,22,111.7151884,185.5546085,39.42378518,,,,,,,,,
2017,7,23,111.6936539,185.5423571,39.40727643,,,,,,,,,
2017,7,24,111.6721194,185.5301057,39.39076769,,,,,,,,,
2017,7,25,111.6505849,185.5178543,39.37425895,,,,,,,,,
2017,7,26,111.6290503,185.5056029,39.3577502,,,,,,,,,
2017,7,27,111.6075158,185.4933515,39.34124146,,,,,,,,,
2017,7,28,111.5859813,185.4811001,39.32473272,,,,,,,,,
2017,7,29,111.5644468,185.4688487,39.30822398,,,,,,,,,
2017,7,30,111.5429122,185.4565974,39.29171523,,,,,,,,,
2017,7,31,111.5213777,185.4443463,39.27517847,,,,,,,,,
2017,8,1,111.4998432,185.4320953,39.2586417,,,,,,,,,
2017,8,2,111.4783087,185.4198443,39.24210493,,,,,,,,,
2017,8,3,111.4567741,185.4075932,39.22556816,,,,,,,,,
2017,8,4,111.4352396,185.3953422,39.2090314,,,,,,,,,
2017,8,5,111.4137051,185.3830912,39.19249463,,,,,,,,,
2017,8,6,111.3921706,185.3708401,39.17595786,,,,,,,,,
2017,8,7,111.370636,185.3585891,39.15942109,,,,,,,,,
2017,8,8,111.3491015,185.3463381,39.14288433,,,,,,,,,
2017,8,9,111.327567,185.334087,39.12634756,,,,,,,,,
2017,8,10,111.3060325,185.321836,39.10981079,,,,,,,,,
2017,8,11,111.2844979,185.3095849,39.09327403,,,,,,,,,
2017,8,12,111.2629634,185.2973339,39.07673726,,,,,,,,,
2017,8,13,111.2414289,185.2850829,39.06020049,,,,,,,,,
2017,8,14,111.2198944,185.2728318,39.04366372,,,,,,,,,
2017,8,15,111.1983598,185.2605808,39.02712696,,,,,,,,,
2017,8,16,111.1768253,185.2483298,39.01059019,,,,,,,,,
2017,8,17,111.1552908,185.2360787,38.99405342,,,,,,,,,
2017,8,18,111.1337563,185.2238277,38.97751665,,,,,,,,,
2017,8,19,111.1122217,185.2115767,38.96097989,,,,,,,,,
2017,8,20,111.0906872,185.1993256,38.94444312,,,,,,,,,
2017,8,21,111.0691527,185.1870746,38.92790635,,,,,,,,,
2017,8,22,111.0476182,185.1748236,38.91136958,,,,,,,,,
2017,8,23,111.0260836,185.1625725,38.89483282,,,,,,,,,
2017,8,24,111.0045491,185.1503215,38.87829605,,,,,,,,,
2017,8,25,110.9830146,185.1380705,38.86175928,,,,,,,,,
2017,8,26,110.9614801,185.1258194,38.84522251,,,,,,,,,
2017,8,27,110.9399455,185.1135684,38.82868575,,,,,,,,,
2017,8,28,110.918411,185.1013174,38.81214898,,,,,,,,,
2017,8,29,110.8968765,185.0890663,38.79561221,,,,,,,,,
2017,8,30,110.875342,185.0768153,38.77907545,,,,,,,,,
2017,8,31,110.8538074,185.0645643,38.76253868,,,,,,,,,
2017,9,1,110.8322729,185.0523132,38.74600191,,,,,,,,,
2017,9,2,110.8107384,185.0400622,38.72946514,,,,,,,,,
2017,9,3,110.7892039,185.0278112,38.71292838,,,,,,,,,
2017,9,4,110.7676693,185.0155601,38.69639161,,,,,,,,,
2017,9,5,110.7461348,185.0033091,38.67985484,,,,,,,,,
2017,9,6,110.7246003,184.9910581,38.66331807,,,,,,,,,
2017,9,7,110.7030657,184.978807,38.64678131,,,,,,,,,
2017,9,8,110.6815312,184.966556,38.63024454,,,,,,,,,
2017,9,9,110.6599967,184.9543049,38.61370777,,,,,,,,,
2017,9,10,110.6384622,184.9420539,38.597171,,,,,,,,,
2017,9,11,110.6169276,184.9298029,38.58063424,,,,,,,,,
2017,9,12,110.5953931,184.9175518,38.56409747,,,,,,,,,
2017,9,13,110.5738586,184.9053008,38.5475607,,,,,,,,,
2017,9,14,110.552324,184.8930498,38.53102394,,,,,,,,,
2017,9,15,110.5307895,184.8807987,38.51448717,,,,,,,,,
2017,9,16,110.509255,184.8685477,38.4979504,,,,,,,,,
2017,9,17,110.4877205,184.8562967,38.48141363,,,,,,,,,
2017,9,18,110.4661859,184.8440456,38.46487687,,,,,,,,,
2017,9,19,110.4446514,184.8317946,38.4483401,,,,,,,,,
2017,9,20,110.4231169,184.8195435,38.43180333,,,,,,,,,
2017,9,21,110.4015823,184.8072925,38.41526656,,,,,,,,,
2017,9,22,110.3800478,184.7950415,38.3987298,,,,,,,,,
2017,9,23,110.3585133,184.7827904,38.38219303,,,,,,,,,
2017,9,24,110.3369788,184.7705394,38.36565626,,,,,,,,,
2017,9,25,110.3154442,184.7582884,38.34911949,,,,,,,,,
2017,9,26,110.2939097,184.7460373,38.33258273,,,,,,,,,
2017,9,27,110.2723752,184.7337863,38.31604596,,,,,,,,,
2017,9,28,110.2508406,184.7215353,38.29950919,,,,,,,,,
2017,9,29,110.2293061,184.7092842,38.28297243,,,,,,,,,
2017,9,30,110.2077716,184.6970332,38.26643566,,,,,,,,,
2017,10,1,110.1862371,184.6847821,38.24989889,,,,,,,,,
2017,10,2,110.1647025,184.6725311,38.23336212,,,,,,,,,
2017,10,3,110.143168,184.6602801,38.21682536,,,,,,,,,
2017,10,4,110.1216335,184.648029,38.20028859,,,,,,,,,
2017,10,5,110.1000989,184.635778,38.18375182,,,,,,,,,
2017,10,6,110.0785644,184.623527,38.16721505,,,,,,,,,
2017,10,7,110.0570299,184.6112759,38.15067829,,,,,,,,,
2017,10,8,110.0354954,184.5990249,38.13414152,,,,,,,,,
2017,10,9,110.0139608,184.5867739,38.11760475,,,,,,,,,
2017,10,10,109.9924263,184.5745228,38.10106798,,,,,,,,,
2017,10,11,109.9708918,184.5622718,38.08453121,,,,,,,,,
2017,10,12,109.9493572,184.5500208,38.06799444,,,,,,,,,
2017,10,13,109.9278227,184.5377697,38.05145767,,,,,,,,,
2017,10,14,109.9062882,184.5255187,38.0349209,,,,,,,,,
2017,10,15,109.8847536,184.5132677,38.01838414,,,,,,,,,
2017,10,16,109.8632191,184.5010166,38.00184737,,,,,,,,,
2017,10,17,109.8416846,184.4887656,37.9853106,,,,,,,,,
2017,10,18,109.82015,184.4765146,37.96877383,,,,,,,,,
2017,10,19,109.7986155,184.4642636,37.95223706,,,,,,,,,
2017,10,20,109.777081,184.4520125,37.93570029,,,,,,,,,
2017,10,21,109.7555465,184.4397615,37.91916352,,,,,,,,,
2017,10,22,109.7340119,184.4275105,37.90262675,,,,,,,,,
2017,10,23,109.7124774,184.4152594,37.88608998,,,,,,,,,
2017,10,24,109.6909429,184.4030084,37.86955321,,,,,,,,,
2017,10,25,109.6694083,184.3907574,37.85301644,,,,,,,,,
2017,10,26,109.6478738,184.3785063,37.83647968,,,,,,,,,
2017,10,27,109.6263393,184.3662553,37.81994291,,,,,,,,,
2017,10,28,109.6048047,184.3540043,37.80340614,,,,,,,,,
2017,10,29,109.5832702,184.3417532,37.78686937,,,,,,,,,
2017,10,30,109.5617357,184.3295022,37.7703326,,,,,,,,,
2017,10,31,109.5402012,184.3172512,37.75379583,,,,,,,,,
2017,11,1,109.5186666,184.3050002,37.73725906,,,,,,,,,
2017,11,2,109.4971321,184.2927491,37.72072229,,,,,,,,,
2017,11,3,109.4755976,184.2804981,37.70418552,,,,,,,,,
2017,11,4,109.454063,184.2682471,37.68764875,,,,,,,,,
2017,11,5,109.4325285,184.255996,37.67111198,,,,,,,,,
2017,11,6,109.410994,184.243745,37.65457522,,,,,,,,,
2017,11,7,109.3894594,184.231494,37.63803845,,,,,,,,,
2017,11,8,109.3679249,184.2192429,37.62150168,,,,,,,,,
2017,11,9,109.3463904,184.2069919,37.60496491,,,,,,,,,
2017,11,10,109.3248559,184.1947409,37.58842814,,,,,,,,,
2017,11,11,109.3033213,184.1824898,37.57189137,,,,,,,,,
2017,11,12,109.2817868,184.1702388,37.5553546,,,,,,,,,
2017,11,13,109.2602523,184.1579878,37.53881783,,,,,,,,,
2017,11,14,109.2387177,184.1457368,37.52228106,,,,,,,,,
2017,11,15,109.2171832,184.1334857,37.50574429,,,,,,,,,
2017,11,16,109.1956487,184.1212347,37.48920752,,,,,,,,,
2017,11,17,109.1741141,184.1089837,37.47267075,,,,,,,,,
2017,11,18,109.1525796,184.0967326,37.45613398,,,,,,,,,
2017,11,19,109.1310451,184.0844816,37.43959721,,,,,,,,,
2017,11,20,109.1095105,184.0722306,37.42306044,,,,,,,,,
2017,11,21,109.087976,184.0599796,37.40652367,,,,,,,,,
2017,11,22,109.0664414,184.0477285,37.3899869,,,,,,,,,
2017,11,23,109.0449069,184.0354775,37.37345013,,,,,,,,,
2017,11,24,109.0233724,184.0232265,37.35691336,,,,,,,,,
2017,11,25,109.0018378,184.0109754,37.34037659,,,,,,,,,
2017,11,26,108.9803033,183.9987244,37.32383982,,,,,,,,,
2017,11,27,108.9587688,183.9864734,37.30730305,,,,,,,,,
2017,11,28,108.9372342,183.9742223,37.29076628,,,,,,,,,
2017,11,29,108.9156997,183.9619713,37.27422951,,,,,,,,,
2017,11,30,108.8941652,183.9497203,37.25769274,,,,,,,,,
2017,12,1,108.8726306,183.9374693,37.24115597,,,,,,,,,
2017,12,2,108.8510961,183.9252182,37.2246192,,,,,,,,,
2017,12,3,108.8295616,183.9129672,37.20808243,,,,,,,,,
2017,12,4,108.808027,183.9007162,37.19154566,,,,,,,,,
2017,12,5,108.7864925,183.8884651,37.17500889,,,,,,,,,
2017,12,6,108.764958,183.8762141,37.15847212,,,,,,,,,
2017,12,7,108.7434234,183.8639631,37.14193535,,,,,,,,,
2017,12,8,108.7218889,183.8517121,37.12539858,,,,,,,,,
2017,12,9,108.7003544,183.839461,37.10886181,,,,,,,,,
2017,12,10,108.6788198,183.82721,37.09232504,,,,,,,,,
2017,12,11,108.6572853,183.814959,37.07578827,,,,,,,,,
2017,12,12,108.6357508,183.8027079,37.0592515,,,,,,,,,
2017,12,13,108.6142162,183.7904569,37.04271473,,,,,,,,,
2017,12,14,108.5926817,183.7782059,37.02617796,,,,,,,,,
2017,12,15,108.5711472,183.7659548,37.00964119,,,,,,,,,
2017,12,16,108.5496126,183.7537038,36.99310442,,,,,,,,,
2017,12,17,108.5280781,183.7414528,36.97656765,,,,,,,,,
2017,12,18,108.5065436,183.7292018,36.96003088,,,,,,,,,
2017,12,19,108.485009,183.7169509,36.94349411,,,,,,,,,
2017,12,20,108.4634745,183.7046999,36.92695735,,,,,,,,,
2017,12,21,108.44194,183.692449,36.91042058,,,,,,,,,
2017,12,22,108.4204054,183.680198,36.89388381,,,,,,,,,
2017,12,23,108.3988709,183.6679471,36.87734704,,,,,,,,,
2017,12,24,108.3773364,183.6556961,36.86081027,,,,,,,,,
2017,12,25,108.3558018,183.6434452,36.84427351,,,,,,,,,
2017,12,26,108.3342673,183.6311942,36.82773674,,,,,,,,,
2017,12,27,108.3127328,183.6189433,36.81119997,,,,,,,,,
2017,12,28,108.2911983,183.6066923,36.7946632,,,,,,,,,
2017,12,29,108.2696637,183.5944414,36.77812643,,,,,,,,,
2017,12,30,108.2481292,183.5821904,36.76158967,,,,,,,,,
2017,12,31,108.2265947,183.5699395,36.7450529,,,,,,,,,
2018,1,1,108.2050601,183.5576885,36.72851613,,,,,,,,,
2018,1,2,108.1835256,183.5454376,36.71197936,,,,,,,,,
2018,1,3,108.1619911,183.5331866,36.6954426,,,,,,,,,
2018,1,4,108.1404565,183.5209357,36.67890583,,,,,,,,,
2018,1,5,108.118922,183.5086847,36.66236906,,,,,,,,,
2018,1,6,108.0973875,183.4964338,36.64583229,,,,,,,,,
2018,1,7,108.075853,183.4841828,36.62929552,,,,,,,,,
2018,1,8,108.0543184,183.4719319,36.61275876,,,,,,,,,
2018,1,9,108.0327839,183.4596809,36.59622199,,,,,,,,,
2018,1,10,108.0112494,183.44743,36.57968522,,,,,,,,,
2018,1,11,107.9897148,183.435179,36.56314845,,,,,,,,,
2018,1,12,107.9681803,183.4229281,36.54661168,,,,,,,,,
2018,1,13,107.9466458,183.4106771,36.53007492,,,,,,,,,
2018,1,14,107.9251113,183.3984262,36.51353815,,,,,,,,,
2018,1,15,107.9035767,183.3861752,36.49700138,,,,,,,,,
2018,1,16,107.8820422,183.3739243,36.48046461,,,,,,,,,
2018,1,17,107.8605077,183.3616733,36.46392784,,,,,,,,,
2018,1,18,107.8389731,183.3494224,36.44739108,,,,,,,,,
2018,1,19,107.8174386,183.3371714,36.43085431,,,,,,,,,
2018,1,20,107.7959041,183.3249205,36.41431754,,,,,,,,,
2018,1,21,107.7743695,183.3126695,36.39778077,,,,,,,,,
2018,1,22,107.752835,183.3004186,36.38124401,,,,,,,,,
2018,1,23,107.7313005,183.2881676,36.36470725,,,,,,,,,
2018,1,24,107.709766,183.2759167,36.34817048,,,,,,,,,
2018,1,25,107.6882315,183.2636657,36.33163372,,,,,,,,,
2018,1,26,107.6666969,183.2514148,36.31509696,,,,,,,,,
2018,1,27,107.6451624,183.2391638,36.29856019,,,,,,,,,
2018,1,28,107.6236279,183.2269129,36.28202343,,,,,,,,,
2018,1,29,107.6020934,183.2146619,36.26548667,,,,,,,,,
2018,1,30,107.5805588,183.202411,36.2489499,,,,,,,,,
2018,1,31,107.5590243,183.19016,36.23241314,,,,,,,,,
2018,2,1,107.5374898,183.1779091,36.21587638,,,,,,,,,
2018,2,2,107.5159553,183.1656581,36.19933961,,,,,,,,,
2018,2,3,107.4944208,183.1534072,36.18280285,,,,,,,,,
2018,2,4,107.4728862,183.1411562,36.16626609,,,,,,,,,
2018,2,5,107.4513517,183.1289053,36.14972932,,,,,,,,,
2018,2,6,107.4298172,183.1166543,36.13319256,,,,,,,,,
2018,2,7,107.4082827,183.1044034,36.1166558,,,,,,,,,
2018,2,8,107.3867481,183.0921524,36.10011903,,,,,,,,,
2018,2,9,107.3652136,183.0799015,36.08358227,,,,,,,,,
2018,2,10,107.3436791,183.0676505,36.06704551,,,,,,,,,
2018,2,11,107.3221446,183.0553996,36.05050874,,,,,,,,,
2018,2,12,107.3006101,183.0431486,36.03397198,,,,,,,,,
2018,2,13,107.2790755,183.0308977,36.01743522,,,,,,,,,
2018,2,14,107.257541,183.0186467,36.00089846,,,,,,,,,
2018,2,15,107.2360065,183.0063958,35.98436169,,,,,,,,,
2018,2,16,107.214472,182.9941448,35.96782493,,,,,,,,,
2018,2,17,107.1929374,182.9818939,35.95128817,,,,,,,,,
2018,2,18,107.1714029,182.9696429,35.9347514,,,,,,,,,
2018,2,19,107.1498684,182.957392,35.91821464,,,,,,,,,
2018,2,20,107.1283339,182.945141,35.90167788,,,,,,,,,
2018,2,21,107.1067994,182.9328901,35.88514111,,,,,,,,,
2018,2,22,107.0852648,182.9206391,35.86860435,,,,,,,,,
2018,2,23,107.0637303,182.9083882,35.85206759,,,,,,,,,
2018,2,24,107.0421958,182.8961372,35.83553082,,,,,,,,,
2018,2,25,107.0206613,182.8838863,35.81899406,,,,,,,,,
2018,2,26,106.9991268,182.8716353,35.80245811,,,,,,,,,
2018,2,27,106.9775922,182.8593844,35.78592217,,,,,,,,,
2018,2,28,106.9560577,182.8471334,35.76938622,,,,,,,,,
2018,3,1,106.9345232,182.8348825,35.75285027,,,,,,,,,
2018,3,2,106.9129887,182.8226315,35.73631433,,,,,,,,,
2018,3,3,106.8914542,182.8103806,35.71977838,,,,,,,,,
2018,3,4,106.8699196,182.7981297,35.70324243,,,,,,,,,
2018,3,5,106.8483851,182.7858787,35.68670648,,,,,,,,,
2018,3,6,106.8268506,182.7736278,35.67017054,,,,,,,,,
2018,3,7,106.8053161,182.7613768,35.65363459,,,,,,,,,
2018,3,8,106.7837816,182.7491259,35.63709864,,,,,,,,,
2018,3,9,106.7622471,182.736875,35.6205627,,,,,,,,,
2018,3,10,106.7407125,182.724624,35.60402675,,,,,,,,,
2018,3,11,106.719178,182.7123731,35.5874908,,,,,,,,,
2018,3,12,106.6976435,182.7001221,35.57095486,,,,,,,,,
2018,3,13,106.676109,182.6878712,35.55441891,,,,,,,,,
2018,3,14,106.6545745,182.6756202,35.53788296,,,,,,,,,
2018,3,15,106.63304,182.6633693,35.52134702,,,,,,,,,
2018,3,16,106.6115054,182.6511184,35.50481107,,,,,,,,,
2018,3,17,106.5899709,182.6388674,35.48827512,,,,,,,,,
2018,3,18,106.5684364,182.6266165,35.47173918,,,,,,,,,
2018,3,19,106.5469019,182.6143655,35.45520323,,,,,,,,,
2018,3,20,106.5253674,182.6021146,35.43866728,,,,,,,,,
2018,3,21,106.5038329,182.5898636,35.42213133,,,,,,,,,
2018,3,22,106.4822983,182.5776127,35.40559539,,,,,,,,,
2018,3,23,106.4607638,182.5653618,35.38905944,,,,,,,,,
2018,3,24,106.4392293,182.5531108,35.37252349,,,,,,,,,
2018,3,25,106.4176948,182.5408599,35.35598755,,,,,,,,,
2018,3,26,106.3961603,182.5286089,35.3394516,,,,,,,,,
2018,3,27,106.3746257,182.516358,35.32291565,,,,,,,,,
2018,3,28,106.3530912,182.504107,35.30637971,,,,,,,,,
2018,3,29,106.3315567,182.4918561,35.28984376,,,,,,,,,
2018,3,30,106.3100222,182.4796052,35.27330781,,,,,,,,,
2018,3,31,106.2884877,182.4673542,35.25677187,,,,,,,,,
2018,4,1,106.2669532,182.4551033,35.24023592,,,,,,,,,
2018,4,2,106.2473165,182.4428523,35.22552719,,,,,,,,,
2018,4,3,106.2276799,182.4306014,35.21081846,,,,,,,,,
2018,4,4,106.2080433,182.4183505,35.19610972,,,,,,,,,
2018,4,5,106.1884066,182.4060996,35.18140099,,,,,,,,,
2018,4,6,106.16877,182.3938486,35.16669226,,,,,,,,,
2018,4,7,106.1491334,182.3815977,35.15198353,,,,,,,,,
2018,4,8,106.1294968,182.3693468,35.1372748,,,,,,,,,
2018,4,9,106.1098601,182.3570958,35.12256607,,,,,,,,,
2018,4,10,106.0902235,182.3448449,35.10785733,,,,,,,,,
2018,4,11,106.0705869,182.332594,35.0931486,,,,,,,,,
2018,4,12,106.0509502,182.3203431,35.07843987,,,,,,,,,
2018,4,13,106.0313136,182.3080921,35.06373114,,,,,,,,,
2018,4,14,106.011677,182.2958412,35.04902241,,,,,,,,,
2018,4,15,105.9920404,182.2835903,35.03431368,,,,,,,,,
2018,4,16,105.9724037,182.2713393,35.01960495,,,,,,,,,
2018,4,17,105.9527671,182.2590884,35.00489621,,,,,,,,,
2018,4,18,105.9331305,182.2468375,34.99018748,,,,,,,,,
2018,4,19,105.9134938,182.2345865,34.97547875,,,,,,,,,
2018,4,20,105.8938572,182.2223356,34.96077002,,,,,,,,,
2018,4,21,105.8742206,182.2100847,34.94606129,,,,,,,,,
2018,4,22,105.854584,182.1978338,34.93135256,,,,,,,,,
2018,4,23,105.8349473,182.1855828,34.91664382,,,,,,,,,
2018,4,24,105.8153107,182.1733319,34.90193509,,,,,,,,,
2018,4,25,105.7956741,182.161081,34.88722636,,,,,,,,,
2018,4,26,105.7760375,182.14883,34.87251763,,,,,,,,,
2018,4,27,105.7564008,182.1365791,34.8578089,,,,,,,,,
2018,4,28,105.7367642,182.1243282,34.84310017,,,,,,,,,
2018,4,29,105.7171276,182.1120772,34.82839143,,,,,,,,,
2018,4,30,105.6974909,182.0998263,34.8136827,,,,,,,,,
2018,5,1,105.6778543,182.0875754,34.79897397,,,,,,,,,
2018,5,2,105.6582177,182.0753245,34.78426524,,,,,,,,,
2018,5,3,105.6385811,182.0630735,34.76955651,,,,,,,,,
2018,5,4,105.6189444,182.0508226,34.75484778,,,,,,,,,
2018,5,5,105.5993078,182.0385717,34.74013905,,,,,,,,,
2018,5,6,105.5796712,182.0263207,34.72543031,,,,,,,,,
2018,5,7,105.5634513,182.0140699,34.71656829,,,,,,,,,
2018,5,8,105.5472314,182.0018192,34.70770627,,,,,,,,,
2018,5,9,105.5310116,181.9895684,34.69884425,,,,,,,,,
2018,5,10,105.5147917,181.9773176,34.68998222,,,,,,,,,
2018,5,11,105.4985718,181.9650668,34.6811202,,,,,,,,,
2018,5,12,105.482352,181.952816,34.67225818,,,,,,,,,
2018,5,13,105.4661321,181.9405652,34.66339616,,,,,,,,,
2018,5,14,105.4499123,181.9283144,34.65453413,,,,,,,,,
2018,5,15,105.4336924,181.9160636,34.64567211,,,,,,,,,
2018,5,16,105.4174725,181.9038128,34.63681009,,,,,,,,,
2018,5,17,105.4012527,181.891562,34.62794807,,,,,,,,,
2018,5,18,105.3850328,181.8793112,34.61908604,,,,,,,,,
2018,5,19,105.3688129,181.8670604,34.61022402,,,,,,,,,
2018,5,20,105.3525931,181.8548096,34.601362,,,,,,,,,
2018,5,21,105.3363732,181.8425588,34.59249997,,,,,,,,,
2018,5,22,105.3201533,181.830308,34.58363795,,,,,,,,,
2018,5,23,105.3039335,181.8180572,34.57477593,,,,,,,,,
2018,5,24,105.2877136,181.8058064,34.56591391,,,,,,,,,
2018,5,25,105.2714937,181.7935556,34.55705188,,,,,,,,,
2018,5,26,105.2552739,181.7813048,34.54818986,,,,,,,,,
2018,5,27,105.239054,181.769054,34.53932784,,,,,,,,,
2018,5,28,105.2228341,181.7568033,34.53046582,,,,,,,,,
2018,5,29,105.2066143,181.7445525,34.52160379,,,,,,,,,
2018,5,30,105.1903944,181.7323017,34.51274177,,,,,,,,,
2018,5,31,105.1741746,181.7200509,34.50387975,,,,,,,,,
2018,6,1,105.1579547,181.7078001,34.49501773,,,,,,,,,
2018,6,2,105.1417348,181.6955493,34.4861557,,,,,,,,,
2018,6,3,105.125515,181.6832985,34.47729368,,,,,,,,,
2018,6,4,105.1092951,181.6710477,34.46843166,,,,,,,,,
2018,6,5,105.0930752,181.6587969,34.45956964,,,,,,,,,
2018,6,6,105.0768554,181.6465461,34.45070761,,,,,,,,,
2018,6,7,105.0606355,181.6342953,34.44184559,,,,,,,,,
2018,6,8,105.0444156,181.6220445,34.43298357,,,,,,,,,
2018,6,9,105.0281958,181.6097937,34.42412155,,,,,,,,,
2018,6,10,105.0119759,181.5975429,34.41525952,,,,,,,,,
2018,6,11,105.0008587,181.5866029,34.41132317,,,,,,,,,
2018,6,12,104.9897416,181.5756628,34.40738682,,,,,,,,,
2018,6,13,104.9786244,181.5647228,34.40345047,,,,,,,,,
2018,6,14,104.9675072,181.5537828,34.39951412,,,,,,,,,
2018,6,15,104.9563901,181.5428427,34.39557778,,,,,,,,,
2018,6,16,104.9452729,181.5319027,34.39164143,,,,,,,,,
2018,6,17,104.9341557,181.5209626,34.38770508,,,,,,,,,
2018,6,18,104.9230386,181.5100226,34.38376873,,,,,,,,,
2018,6,19,104.9119214,181.4990826,34.37983238,,,,,,,,,
2018,6,20,104.9008043,181.4881425,34.37589603,,,,,,,,,
2018,6,21,104.8896871,181.4772025,34.37195968,,,,,,,,,
2018,6,22,104.8785699,181.4662624,34.36802333,,,,,,,,,
2018,6,23,104.8674528,181.4553224,34.36408698,,,,,,,,,
2018,6,24,104.8563356,181.4443824,34.36015063,,,,,,,,,
2018,6,25,104.8452184,181.4334423,34.35621428,,,,,,,,,
2018,6,26,104.8341013,181.4225023,34.35227793,,,,,,,,,
2018,6,27,104.8229841,181.4115622,34.34834158,,,,,,,,,
2018,6,28,104.8118669,181.4006222,34.34440523,,,,,,,,,
2018,6,29,104.8007498,181.3896821,34.34046888,,,,,,,,,
2018,6,30,104.7896326,181.3787421,34.33653253,,,,,,,,,
2018,7,1,104.7785154,181.3678021,34.33259618,,,,,,,,,
2018,7,2,104.7673983,181.356862,34.32865983,,,,,,,,,
2018,7,3,104.7562811,181.345922,34.32472348,,,,,,,,,
2018,7,4,104.7451639,181.3349819,34.32078713,,,,,,,,,
2018,7,5,104.7340468,181.3240419,34.31685078,,,,,,,,,
2018,7,6,104.7229296,181.3131019,34.31291443,,,,,,,,,
2018,7,7,104.7118124,181.3021618,34.30897809,,,,,,,,,
2018,7,8,104.7006953,181.2912218,34.30504174,,,,,,,,,
2018,7,9,104.6895781,181.2802817,34.30110539,,,,,,,,,
2018,7,10,104.6784609,181.2693417,34.29716904,,,,,,,,,
2018,7,11,104.6673438,181.2584017,34.29323269,,,,,,,,,
2018,7,12,104.6562266,181.2474616,34.28929634,,,,,,,,,
2018,7,13,104.6451094,181.2365216,34.28535999,,,,,,,,,
2018,7,14,104.6339923,181.2255815,34.28142364,,,,,,,,,
2018,7,15,104.6228751,181.2146415,34.27748729,,,,,,,,,
2018,7,16,104.6173429,181.2065966,34.27625879,,,,,,,,,
2018,7,17,104.6118108,181.1985518,34.2750303,,,,,,,,,
2018,7,18,104.6062786,181.1905069,34.27380181,,,,,,,,,
2018,7,19,104.6007464,181.182462,34.27257331,,,,,,,,,
2018,7,20,104.5952142,181.1744172,34.27134482,,,,,,,,,
2018,7,21,104.5896821,181.1663723,34.27011632,,,,,,,,,
2018,7,22,104.5841499,181.1583274,34.26888783,,,,,,,,,
2018,7,23,104.5786177,181.1502826,34.26765934,,,,,,,,,
2018,7,24,104.5730855,181.1422377,34.26643084,,,,,,,,,
2018,7,25,104.5675534,181.1341928,34.26520235,,,,,,,,,
2018,7,26,104.5620212,181.126148,34.26397385,,,,,,,,,
2018,7,27,104.556489,181.1181031,34.26274536,,,,,,,,,
2018,7,28,104.5509568,181.1100582,34.26151687,,,,,,,,,
2018,7,29,104.5454247,181.1020134,34.26028837,,,,,,,,,
2018,7,30,104.5398925,181.0939685,34.25905988,,,,,,,,,
2018,7,31,104.5343603,181.0859237,34.25783138,,,,,,,,,
2018,8,1,104.5288281,181.0778788,34.25660289,,,,,,,,,
2018,8,2,104.523296,181.0698339,34.25537439,,,,,,,,,
2018,8,3,104.5177638,181.0617891,34.2541459,,,,,,,,,
2018,8,4,104.5122316,181.0537442,34.25291741,,,,,,,,,
2018,8,5,104.5066994,181.0456993,34.25168891,,,,,,,,,
2018,8,6,104.5011673,181.0376545,34.25046042,,,,,,,,,
2018,8,7,104.4956351,181.0296096,34.24923192,,,,,,,,,
2018,8,8,104.4901029,181.0215647,34.24800343,,,,,,,,,
2018,8,9,104.4845708,181.0135199,34.24677494,,,,,,,,,
2018,8,10,104.4790386,181.005475,34.24554644,,,,,,,,,
2018,8,11,104.4735064,180.9974301,34.24431795,,,,,,,,,
2018,8,12,104.4679742,180.9893853,34.24308945,,,,,,,,,
2018,8,13,104.4624421,180.9813404,34.24186096,,,,,,,,,
2018,8,14,104.4569099,180.9732955,34.24063246,,,,,,,,,
2018,8,15,104.4513777,180.9652507,34.23940397,,,,,,,,,
2018,8,16,104.4458455,180.9572058,34.23817548,,,,,,,,,
2018,8,17,104.4403134,180.9491609,34.23694698,,,,,,,,,
2018,8,18,104.4347812,180.9411161,34.23571849,,,,,,,,,
2018,8,19,104.429249,180.9330712,34.23448999,,,,,,,,,
2018,8,20,104.4295435,180.9284378,34.23326158,,,,,,,,,
2018,8,21,104.429838,180.9238044,34.23203317,,,,,,,,,
2018,8,22,104.4301325,180.919171,34.23080476,,,,,,,,,
2018,8,23,104.430427,180.9145376,34.22957635,,,,,,,,,
2018,8,24,104.4307215,180.9099043,34.22834793,,,,,,,,,
2018,8,25,104.4310159,180.9052709,34.22711952,,,,,,,,,
2018,8,26,104.4313104,180.9006375,34.22589111,,,,,,,,,
2018,8,27,104.4316049,180.8960041,34.2246627,,,,,,,,,
2018,8,28,104.4318994,180.8913707,34.22343429,,,,,,,,,
2018,8,29,104.4321939,180.8867373,34.22220587,,,,,,,,,
2018,8,30,104.4324884,180.8821039,34.22097746,,,,,,,,,
2018,8,31,104.4327829,180.8774705,34.21974905,,,,,,,,,
2018,9,1,104.4330774,180.8728371,34.21852064,,,,,,,,,
2018,9,2,104.4333719,180.8682037,34.21729223,,,,,,,,,
2018,9,3,104.4336664,180.8635703,34.21606381,,,,,,,,,
2018,9,4,104.4339608,180.858937,34.2148354,,,,,,,,,
2018,9,5,104.4342553,180.8543036,34.21360699,,,,,,,,,
2018,9,6,104.4345498,180.8496702,34.21237858,,,,,,,,,
2018,9,7,104.4348443,180.8450368,34.21115016,,,,,,,,,
2018,9,8,104.4351388,180.8404034,34.20992175,,,,,,,,,
2018,9,9,104.4354333,180.83577,34.20869334,,,,,,,,,
2018,9,10,104.4357278,180.8311366,34.20746493,,,,,,,,,
2018,9,11,104.4360223,180.8265032,34.20623652,,,,,,,,,
2018,9,12,104.4363168,180.8218698,34.2050081,,,,,,,,,
2018,9,13,104.4366112,180.8172364,34.20377969,,,,,,,,,
2018,9,14,104.4369057,180.812603,34.20255128,,,,,,,,,
2018,9,15,104.4372002,180.8079697,34.20132287,,,,,,,,,
2018,9,16,104.4374947,180.8033363,34.20009446,,,,,,,,,
2018,9,17,104.4377892,180.7987029,34.19886604,,,,,,,,,
2018,9,18,104.4380837,180.7940695,34.19763763,,,,,,,,,
2018,9,19,104.4383782,180.7894361,34.19640922,,,,,,,,,
2018,9,20,104.4386727,180.7848027,34.19518081,,,,,,,,,
2018,9,21,104.4389672,180.7801693,34.1939524,,,,,,,,,
2018,9,22,104.4392616,180.7755359,34.19272398,,,,,,,,,
2018,9,23,104.4395561,180.7709025,34.19149557,,,,,,,,,
2018,9,24,104.4453842,180.7688048,34.19026716,,,,,,,,,
2018,9,25,104.4512122,180.7667071,34.18903875,,,,,,,,,
2018,9,26,104.4570403,180.7646094,34.18781034,,,,,,,,,
2018,9,27,104.4628683,180.7625116,34.18658192,,,,,,,,,
2018,9,28,104.4686963,180.7604139,34.18535351,,,,,,,,,
2018,9,29,104.4745244,180.7583162,34.1841251,,,,,,,,,
2018,9,30,104.4803524,180.7562184,34.18289669,,,,,,,,,
2018,10,1,104.4861805,180.7541207,34.18166828,,,,,,,,,
2018,10,2,104.4920085,180.752023,34.18043986,,,,,,,,,
2018,10,3,104.4978365,180.7499253,34.17921145,,,,,,,,,
2018,10,4,104.5036646,180.7478275,34.17798304,,,,,,,,,
2018,10,5,104.5094926,180.7457298,34.17675463,,,,,,,,,
2018,10,6,104.5153207,180.7436321,34.17552622,,,,,,,,,
2018,10,7,104.5211487,180.7415344,34.1742978,,,,,,,,,
2018,10,8,104.5269767,180.7394366,34.17306939,,,,,,,,,
2018,10,9,104.5328048,180.7373389,34.17184098,,,,,,,,,
2018,10,10,104.5386328,180.7352412,34.17061257,,,,,,,,,
2018,10,11,104.5444609,180.7331435,34.16938416,,,,,,,,,
2018,10,12,104.5502889,180.7310457,34.16815574,,,,,,,,,
2018,10,13,104.556117,180.728948,34.16692733,,,,,,,,,
2018,10,14,104.561945,180.7268503,34.16569892,,,,,,,,,
2018,10,15,104.567773,180.7247526,34.16447051,,,,,,,,,
2018,10,16,104.5736011,180.7226548,34.1632421,,,,,,,,,
2018,10,17,104.5794291,180.7205571,34.16201368,,,,,,,,,
2018,10,18,104.5852572,180.7184594,34.16078527,,,,,,,,,
2018,10,19,104.5910852,180.7163617,34.15955686,,,,,,,,,
2018,10,20,104.5969132,180.7142639,34.15832845,,,,,,,,,
2018,10,21,104.6027413,180.7121662,34.15710004,,,,,,,,,
2018,10,22,104.6085693,180.7100685,34.15587162,,,,,,,,,
2018,10,23,104.6143974,180.7079708,34.15464321,,,,,,,,,
2018,10,24,104.6202254,180.705873,34.1534148,,,,,,,,,
2018,10,25,104.6260534,180.7037753,34.15218639,,,,,,,,,
2018,10,26,104.6318815,180.7016776,34.15095798,,,,,,,,,
2018,10,27,104.6377095,180.6995799,34.14972956,,,,,,,,,
2018,10,28,104.6435376,180.6974821,34.14850115,,,,,,,,,
2018,10,29,104.6534663,180.6958637,34.14727274,,,,,,,,,
2018,10,30,104.663395,180.6942454,34.14604433,,,,,,,,,
2018,10,31,104.6733238,180.692627,34.14481592,,,,,,,,,
2018,11,1,104.6832525,180.6910086,34.14358751,,,,,,,,,
2018,11,2,104.6931812,180.6893902,34.14235909,,,,,,,,,
2018,11,3,104.70311,180.6877718,34.14113068,,,,,,,,,
2018,11,4,104.7130387,180.6861535,34.13990227,,,,,,,,,
2018,11,5,104.7229674,180.6845351,34.13867386,,,,,,,,,
2018,11,6,104.7328962,180.6829167,34.13744545,,,,,,,,,
2018,11,7,104.7428249,180.6812983,34.13621704,,,,,,,,,
2018,11,8,104.7527536,180.67968,34.13498863,,,,,,,,,
2018,11,9,104.7626824,180.6780616,34.13376022,,,,,,,,,
2018,11,10,104.7726111,180.6764432,34.1325318,,,,,,,,,
2018,11,11,104.7825398,180.6748248,34.13130339,,,,,,,,,
2018,11,12,104.7924685,180.6732064,34.13007498,,,,,,,,,
2018,11,13,104.8023973,180.6715881,34.12884657,,,,,,,,,
2018,11,14,104.812326,180.6699697,34.12761816,,,,,,,,,
2018,11,15,104.8222547,180.6683513,34.12638975,,,,,,,,,
2018,11,16,104.8321835,180.6667329,34.12516134,,,,,,,,,
2018,11,17,104.8421122,180.6651145,34.12393293,,,,,,,,,
2018,11,18,104.8520409,180.6634962,34.12270451,,,,,,,,,
2018,11,19,104.8619697,180.6618778,34.1214761,,,,,,,,,
2018,11,20,104.8718984,180.6602594,34.12024769,,,,,,,,,
2018,11,21,104.8818271,180.658641,34.11901928,,,,,,,,,
2018,11,22,104.8917559,180.6570226,34.11779087,,,,,,,,,
2018,11,23,104.9016846,180.6554043,34.11656246,,,,,,,,,
2018,11,24,104.9116133,180.6537859,34.11533405,,,,,,,,,
2018,11,25,104.9215421,180.6521675,34.11410564,,,,,,,,,
2018,11,26,104.9314708,180.6505491,34.11287722,,,,,,,,,
2018,11,27,104.9413995,180.6489307,34.11164881,,,,,,,,,
2018,11,28,104.9513283,180.6473124,34.1104204,,,,,,,,,
2018,11,29,104.961257,180.645694,34.10919199,,,,,,,,,
2018,11,30,104.9711857,180.6440756,34.10796358,,,,,,,,,
2018,12,1,104.9811144,180.6424572,34.10673517,,,,,,,,,
2018,12,2,104.9910432,180.6408388,34.10550676,,,,,,,,,
2018,12,3,105.0030722,180.6392214,34.10427834,,,,,,,,,
2018,12,4,105.0151012,180.6376039,34.10304993,,,,,,,,,
2018,12,5,105.0271302,180.6359865,34.10182152,,,,,,,,,
2018,12,6,105.0391592,180.634369,34.10059311,,,,,,,,,
2018,12,7,105.0511882,180.6327516,34.0993647,,,,,,,,,
2018,12,8,105.0632172,180.6311341,34.09813629,,,,,,,,,
2018,12,9,105.0752462,180.6295166,34.09690788,,,,,,,,,
2018,12,10,105.0872752,180.6278992,34.09567947,,,,,,,,,
2018,12,11,105.0993042,180.6262817,34.09445106,,,,,,,,,
2018,12,12,105.1113332,180.6246643,34.09322265,,,,,,,,,
2018,12,13,105.1233621,180.6230468,34.09199424,,,,,,,,,
2018,12,14,105.1353911,180.6214293,34.09076582,,,,,,,,,
2018,12,15,105.1474201,180.6198119,34.08953741,,,,,,,,,
2018,12,16,105.1594491,180.6181944,34.088309,,,,,,,,,
2018,12,17,105.1714781,180.616577,34.08708059,,,,,,,,,
2018,12,18,105.1835071,180.6149595,34.08585218,,,,,,,,,
2018,12,19,105.1955361,180.613342,34.08462377,,,,,,,,,
2018,12,20,105.2075651,180.6117246,34.08339536,,,,,,,,,
2018,12,21,105.2195941,180.6101071,34.08216695,,,,,,,,,
2018,12,22,105.2316231,180.6084897,34.08093854,,,,,,,,,
2018,12,23,105.2436521,180.6068722,34.07971013,,,,,,,,,
2018,12,24,105.2556811,180.6052547,34.07848171,,,,,,,,,
2018,12,25,105.2677101,180.6036373,34.0772533,,,,,,,,,
2018,12,26,105.2797391,180.6020198,34.07602489,,,,,,,,,
2018,12,27,105.2917681,180.6004024,34.07479648,,,,,,,,,
2018,12,28,105.3037971,180.5987849,34.07356807,,,,,,,,,
2018,12,29,105.3158261,180.5971675,34.07233966,,,,,,,,,
2018,12,30,105.3278551,180.59555,34.07111125,,,,,,,,,
2018,12,31,105.3398841,180.5939325,34.06988284,,,,,,,,,
2019,1,1,105.3519131,180.5923151,34.06865443,,,,,,,,,
2019,1,2,105.3639421,180.5906976,34.06742602,,,,,,,,,
2019,1,3,105.3759711,180.5890802,34.0661976,,,,,,,,,
2019,1,4,105.3880001,180.5874627,34.06496919,,,,,,,,,
2019,1,5,105.4000291,180.5858452,34.06374078,,,,,,,,,
2019,1,6,105.4120581,180.5842278,34.06251237,,,,,,,,,
2019,1,7,105.4240878,180.5826104,34.06128396,,,,,,,,,
2019,1,8,105.4361175,180.580993,34.06005555,,,,,,,,,
2019,1,9,105.4481472,180.5793756,34.05882714,,,,,,,,,
2019,1,10,105.4601769,180.5777582,34.05759872,,,,,,,,,
2019,1,11,105.4722066,180.5761408,34.05637031,,,,,,,,,
2019,1,12,105.4842363,180.5745234,34.0551419,,,,,,,,,
2019,1,13,105.496266,180.572906,34.05391349,,,,,,,,,
2019,1,14,105.5082957,180.5712886,34.05268508,,,,,,,,,
2019,1,15,105.5203254,180.5696712,34.05145666,,,,,,,,,
2019,1,16,105.5323551,180.5680538,34.05022825,,,,,,,,,
2019,1,17,105.5443848,180.5664365,34.04899984,,,,,,,,,
2019,1,18,105.5564145,180.5648191,34.04777143,,,,,,,,,
2019,1,19,105.5684442,180.5632017,34.04654302,,,,,,,,,
2019,1,20,105.5804739,180.5615843,34.0453146,,,,,,,,,
2019,1,21,105.5925037,180.5599669,34.04408619,,,,,,,,,
2019,1,22,105.6045334,180.5583495,34.04285778,,,,,,,,,
2019,1,23,105.6165631,180.5567321,34.04162937,,,,,,,,,
2019,1,24,105.6285928,180.5551147,34.04040096,,,,,,,,,
2019,1,25,105.6406225,180.5534973,34.03917255,,,,,,,,,
2019,1,26,105.6526522,180.5518799,34.03794413,,,,,,,,,
2019,1,27,105.6646819,180.5502625,34.03671572,,,,,,,,,
2019,1,28,105.6767116,180.5486451,34.03548731,,,,,,,,,
2019,1,29,105.6887413,180.5470277,34.0342589,,,,,,,,,
2019,1,30,105.700771,180.5454103,34.03303049,,,,,,,,,
2019,1,31,105.7128007,180.5437929,34.03180207,,,,,,,,,
2019,2,1,105.7248304,180.5421756,34.03057366,,,,,,,,,
2019,2,2,105.7368601,180.5405582,34.02934525,,,,,,,,,
2019,2,3,105.7488898,180.5389408,34.02811684,,,,,,,,,
2019,2,4,105.7609195,180.5373234,34.02688843,,,,,,,,,
2019,2,5,105.7729492,180.535706,34.02566001,,,,,,,,,
2019,2,6,105.7849789,180.5340886,34.0244316,,,,,,,,,
2019,2,7,105.7970086,180.5324712,34.02320319,,,,,,,,,
2019,2,8,105.8090383,180.5308538,34.02197478,,,,,,,,,
2019,2,9,105.821068,180.5292364,34.02074637,,,,,,,,,
2019,2,10,105.8330977,180.527619,34.01951795,,,,,,,,,
2019,2,11,105.8451275,180.5260016,34.01828955,,,,,,,,,
2019,2,12,105.8571572,180.5243842,34.01706114,,,,,,,,,
2019,2,13,105.869187,180.5227668,34.01583273,,,,,,,,,
2019,2,14,105.8812167,180.5211494,34.01460433,,,,,,,,,
2019,2,15,105.8932465,180.519532,34.01337592,,,,,,,,,
2019,2,16,105.9052762,180.5179146,34.01214751,,,,,,,,,
2019,2,17,105.917306,180.5162972,34.01091911,,,,,,,,,
2019,2,18,105.9293357,180.5146798,34.0096907,,,,,,,,,
2019,2,19,105.9413655,180.5130624,34.0084623,,,,,,,,,
2019,2,20,105.9533952,180.511445,34.00723389,,,,,,,,,
2019,2,21,105.965425,180.5098276,34.00600548,,,,,,,,,
2019,2,22,105.9774548,180.5082102,34.00477708,,,,,,,,,
2019,2,23,105.9894845,180.5065928,34.00354867,,,,,,,,,
2019,2,24,106.0015143,180.5049754,34.00232026,,,,,,,,,
2019,2,25,106.013544,180.503358,34.00109186,,,,,,,,,
2019,2,26,106.0255738,180.5017406,33.99986345,,,,,,,,,
2019,2,27,106.0376035,180.5001232,33.99863504,,,,,,,,,
2019,2,28,106.0496333,180.4985058,33.99740664,,,,,,,,,
2019,3,1,106.061663,180.4968884,33.99617823,,,,,,,,,
2019,3,2,106.0736928,180.495271,33.99494982,,,,,,,,,
2019,3,3,106.0857225,180.4936536,33.99372142,,,,,,,,,
2019,3,4,106.0977523,180.4920362,33.99249301,,,,,,,,,
2019,3,5,106.109782,180.4904188,33.9912646,,,,,,,,,
2019,3,6,106.1218118,180.4888014,33.9900362,,,,,,,,,
2019,3,7,106.1338415,180.487184,33.98880779,,,,,,,,,
2019,3,8,106.1458713,180.4855666,33.98757938,,,,,,,,,
2019,3,9,106.157901,180.4839492,33.98635098,,,,,,,,,
2019,3,10,106.1699308,180.4823318,33.98512257,,,,,,,,,
2019,3,11,106.1819605,180.4807144,33.98389416,,,,,,,,,
2019,3,12,106.1939903,180.479097,33.98266576,,,,,,,,,
2019,3,13,106.20602,180.4774796,33.98143735,,,,,,,,,
2019,3,14,106.2180498,180.4758622,33.98020894,,,,,,,,,
2019,3,15,106.2300795,180.4742448,33.97898054,,,,,,,,,
2019,3,16,106.2421093,180.4726274,33.97775213,,,,,,,,,
2019,3,17,106.254139,180.47101,33.97652372,,,,,,,,,
2019,3,18,106.2661688,180.4693926,33.97529532,,,,,,,,,
2019,3,19,106.2781985,180.4677752,33.97406691,,,,,,,,,
2019,3,20,106.2902283,180.4661578,33.9728385,,,,,,,,,
2019,3,21,106.302258,180.4645404,33.97161009,,,,,,,,,
2019,3,22,106.3142878,180.462923,33.97038168,,,,,,,,,
2019,3,23,106.3263175,180.4613056,33.96915327,,,,,,,,,
2019,3,24,106.3383473,180.4596883,33.96792486,,,,,,,,,
2019,3,25,106.350377,180.4580709,33.96669645,,,,,,,,,
2019,3,26,106.3624068,180.4564535,33.96546804,,,,,,,,,
2019,3,27,106.3744365,180.4548361,33.96423963,,,,,,,,,
2019,3,28,106.3864663,180.4532187,33.96301122,,,,,,,,,
2019,3,29,106.398496,180.4516013,33.96178281,,,,,,,,,
2019,3,30,106.4105258,180.4499839,33.9605544,,,,,,,,,
2019,3,31,106.4225555,180.4483665,33.95932599,,,,,,,,,
2019,4,1,106.4345853,180.4467491,33.95809758,,,,,,,,,
2019,4,2,106.446615,180.4451317,33.95686917,,,,,,,,,
2019,4,3,106.4586448,180.4435143,33.95564076,,,,,,,,,
2019,4,4,106.4706745,180.441897,33.95441235,,,,,,,,,
2019,4,5,106.4827043,180.4402796,33.95318394,,,,,,,,,
2019,4,6,106.494734,180.4386622,33.95195553,,,,,,,,,
2019,4,7,106.5067638,180.4370448,33.95072713,,,,,,,,,
2019,4,8,106.5187935,180.4354274,33.94949872,,,,,,,,,
2019,4,9,106.5308233,180.43381,33.94827031,,,,,,,,,
2019,4,10,106.542853,180.4321926,33.9470419,,,,,,,,,
2019,4,11,106.5548828,180.4305752,33.94581349,,,,,,,,,
2019,4,12,106.5669125,180.4289578,33.94458508,,,,,,,,,
2019,4,13,106.5789423,180.4273404,33.94335667,,,,,,,,,
2019,4,14,106.590972,180.4257231,33.94212826,,,,,,,,,
2019,4,15,106.6030018,180.4241057,33.94089985,,,,,,,,,
2019,4,16,106.6150315,180.4224883,33.93967144,,,,,,,,,
2019,4,17,106.6270613,180.4208709,33.93844303,,,,,,,,,
2019,4,18,106.639091,180.4192535,33.93721462,,,,,,,,,
2019,4,19,106.6511208,180.4176361,33.93598621,,,,,,,,,
2019,4,20,106.6631505,180.4160187,33.9347578,,,,,,,,,
2019,4,21,106.6751803,180.4144013,33.93352939,,,,,,,,,
2019,4,22,106.68721,180.412784,33.93230098,,,,,,,,,
2019,4,23,106.6992398,180.4111666,33.93107257,,,,,,,,,
2019,4,24,106.7112695,180.4095492,33.92984416,,,,,,,,,
2019,4,25,106.7232993,180.4079319,33.92861574,,,,,,,,,
2019,4,26,106.7353291,180.4063145,33.92738733,,,,,,,,,
2019,4,27,106.7473588,180.4046971,33.92615892,,,,,,,,,
2019,4,28,106.7593886,180.4030798,33.92493051,,,,,,,,,
2019,4,29,106.7714183,180.4014624,33.9237021,,,,,,,,,
2019,4,30,106.7834481,180.399845,33.92247368,,,,,,,,,
2019,5,1,106.7954778,180.3982277,33.92124527,,,,,,,,,
2019,5,2,106.8075076,180.3966103,33.92001686,,,,,,,,,
2019,5,3,106.8195373,180.3949929,33.91878845,,,,,,,,,
2019,5,4,106.8315671,180.3933756,33.91756004,,,,,,,,,
2019,5,5,106.8435968,180.3917582,33.91633162,,,,,,,,,
2019,5,6,106.8556266,180.3901409,33.91510321,,,,,,,,,
2019,5,7,106.8676563,180.3885235,33.9138748,,,,,,,,,
2019,5,8,106.8796861,180.3869061,33.91264639,,,,,,,,,
2019,5,9,106.8917158,180.3852888,33.91141797,,,,,,,,,
2019,5,10,106.9037456,180.3836714,33.91018956,,,,,,,,,
2019,5,11,106.9157753,180.382054,33.90896115,,,,,,,,,
2019,5,12,106.9278051,180.3804367,33.90773274,,,,,,,,,
2019,5,13,106.9398348,180.3788193,33.90650433,,,,,,,,,
2019,5,14,106.9518646,180.3772019,33.90527591,,,,,,,,,
2019,5,15,106.9638943,180.3755846,33.9040475,,,,,,,,,
2019,5,16,106.9759241,180.3739672,33.90281909,,,,,,,,,
2019,5,17,106.9879538,180.3723498,33.90159068,,,,,,,,,
2019,5,18,106.9999836,180.3707325,33.90036227,,,,,,,,,
2019,5,19,107.0120133,180.3691151,33.89913385,,,,,,,,,
2019,5,20,107.0240431,180.3674977,33.89790544,,,,,,,,,
2019,5,21,107.0360728,180.3658804,33.89667703,,,,,,,,,
2019,5,22,107.0481026,180.364263,33.89544862,,,,,,,,,
2019,5,23,107.0601324,180.3626457,33.89422021,,,,,,,,,
2019,5,24,107.0721621,180.3610283,33.89299179,,,,,,,,,
2019,5,25,107.0841919,180.3594109,33.89176338,,,,,,,,,
2019,5,26,107.0962216,180.3577936,33.89053497,,,,,,,,,
2019,5,27,107.1082514,180.3561762,33.88930656,,,,,,,,,
2019,5,28,107.1202811,180.3545588,33.88807814,,,,,,,,,
2019,5,29,107.1323109,180.3529415,33.88684973,,,,,,,,,
2019,5,30,107.1443406,180.3513241,33.88562132,,,,,,,,,
2019,5,31,107.1563704,180.3497067,33.88439291,,,,,,,,,
2019,6,1,107.1684001,180.3480894,33.88316449,,,,,,,,,
2019,6,2,107.1804299,180.346472,33.88193608,,,,,,,,,
2019,6,3,107.1924596,180.3448547,33.88070767,,,,,,,,,
2019,6,4,107.2044894,180.3432373,33.87947926,,,,,,,,,
2019,6,5,107.2165191,180.3416199,33.87825084,,,,,,,,,
2019,6,6,107.2285489,180.3400026,33.87702243,,,,,,,,,
2019,6,7,107.2405786,180.3383852,33.87579402,,,,,,,,,
2019,6,8,107.2526084,180.3367679,33.87456561,,,,,,,,,
2019,6,9,107.2646382,180.3351505,33.8733372,,,,,,,,,
2019,6,10,107.2766679,180.3335331,33.87210878,,,,,,,,,
2019,6,11,107.2886977,180.3319158,33.87088037,,,,,,,,,
2019,6,12,107.3007274,180.3302984,33.86965196,,,,,,,,,
2019,6,13,107.3127572,180.328681,33.86842355,,,,,,,,,
2019,6,14,107.3247869,180.3270637,33.86719513,,,,,,,,,
2019,6,15,107.3368167,180.3254463,33.86596672,,,,,,,,,
2019,6,16,107.3488464,180.323829,33.86473831,,,,,,,,,
2019,6,17,107.3608762,180.3222116,33.8635099,,,,,,,,,
2019,6,18,107.3729059,180.3205942,33.86228148,,,,,,,,,
2019,6,19,107.3849357,180.3189769,33.86105307,,,,,,,,,
2019,6,20,107.3969654,180.3173595,33.85982466,,,,,,,,,
2019,6,21,107.4089952,180.3157422,33.85859625,,,,,,,,,
2019,6,22,107.4210249,180.3141248,33.85736783,,,,,,,,,
2019,6,23,107.4330547,180.3125074,33.85613942,,,,,,,,,
2019,6,24,107.4450845,180.3108901,33.85491101,,,,,,,,,
2019,6,25,107.4571142,180.3092727,33.8536826,,,,,,,,,
2019,6,26,107.469144,180.3076553,33.85245418,,,,,,,,,
2019,6,27,107.4811737,180.306038,33.85122577,,,,,,,,,
2019,6,28,107.4932035,180.3044206,33.84999736,,,,,,,,,
2019,6,29,107.5052332,180.3028033,33.84876895,,,,,,,,,
2019,6,30,107.517263,180.3011859,33.84754053,,,,,,,,,
2019,7,1,107.5292927,180.2995685,33.84631212,,,,,,,,,
2019,7,2,107.5413225,180.2979512,33.84508371,,,,,,,,,
2019,7,3,107.5533522,180.2963338,33.8438553,,,,,,,,,
2019,7,4,107.565382,180.2947164,33.84262688,,,,,,,,,
2019,7,5,107.5774117,180.2930991,33.84139847,,,,,,,,,
2019,7,6,107.5894415,180.2914817,33.84017006,,,,,,,,,
2019,7,7,107.6014713,180.2898644,33.83894165,,,,,,,,,
2019,7,8,107.613501,180.288247,33.83771323,,,,,,,,,
2019,7,9,107.6255308,180.2866296,33.83648482,,,,,,,,,
2019,7,10,107.6375605,180.2850123,33.83525641,,,,,,,,,
2019,7,11,107.6495903,180.2833949,33.834028,,,,,,,,,
2019,7,12,107.66162,180.2817776,33.83279958,,,,,,,,,
2019,7,13,107.6736498,180.2801602,33.83157117,,,,,,,,,
2019,7,14,107.6856795,180.2785428,33.83034276,,,,,,,,,
2019,7,15,107.6977093,180.2769255,33.82911435,,,,,,,,,
2019,7,16,107.709739,180.2753081,33.82788593,,,,,,,,,
2019,7,17,107.7217688,180.2736907,33.82665752,,,,,,,,,
2019,7,18,107.7337985,180.2720734,33.82542911,,,,,,,,,
2019,7,19,107.7458283,180.270456,33.8242007,,,,,,,,,
2019,7,20,107.757858,180.2688387,33.82297229,,,,,,,,,
2019,7,21,107.7698878,180.2672213,33.82174387,,,,,,,,,
2019,7,22,107.7819176,180.2656039,33.82051546,,,,,,,,,
2019,7,23,107.7939473,180.2639866,33.81928705,,,,,,,,,
2019,7,24,107.8059771,180.2623692,33.81805864,,,,,,,,,
2019,7,25,107.8180068,180.2607519,33.81683022,,,,,,,,,
2019,7,26,107.8300366,180.2591345,33.81560181,,,,,,,,,
2019,7,27,107.8420663,180.2575171,33.8143734,,,,,,,,,
2019,7,28,107.8540961,180.2558998,33.81314499,,,,,,,,,
2019,7,29,107.8661258,180.2542824,33.81191657,,,,,,,,,
2019,7,30,107.8781556,180.252665,33.81068816,,,,,,,,,
2019,7,31,107.8901853,180.2510477,33.80945975,,,,,,,,,
2019,8,1,107.9022151,180.2494303,33.80823134,,,,,,,,,
2019,8,2,107.9142448,180.247813,33.80700292,,,,,,,,,
2019,8,3,107.9262746,180.2461956,33.80577451,,,,,,,,,
2019,8,4,107.9383043,180.2445782,33.8045461,,,,,,,,,
2019,8,5,107.9503341,180.2429609,33.80331769,,,,,,,,,
2019,8,6,107.9623639,180.2413435,33.80208927,,,,,,,,,
2019,8,7,107.9743936,180.2397261,33.80086086,,,,,,,,,
2019,8,8,107.9864234,180.2381088,33.79963245,,,,,,,,,
2019,8,9,107.9984531,180.2364914,33.79840404,,,,,,,,,
2019,8,10,108.0104829,180.2348741,33.79717562,,,,,,,,,
2019,8,11,108.0225126,180.2332567,33.79594721,,,,,,,,,
2019,8,12,108.0345424,180.2316393,33.7947188,,,,,,,,,
2019,8,13,108.0465721,180.230022,33.79349039,,,,,,,,,
2019,8,14,108.0586019,180.2284046,33.79226197,,,,,,,,,
2019,8,15,108.0706316,180.2267873,33.79103356,,,,,,,,,
2019,8,16,108.0826614,180.2251699,33.78980515,,,,,,,,,
2019,8,17,108.0946911,180.2235525,33.78857674,,,,,,,,,
2019,8,18,108.1067209,180.2219352,33.78734832,,,,,,,,,
2019,8,19,108.1187506,180.2203178,33.78611991,,,,,,,,,
2019,8,20,108.1307804,180.2187004,33.7848915,,,,,,,,,
2019,8,21,108.1428102,180.2170831,33.78366309,,,,,,,,,
2019,8,22,108.1548399,180.2154657,33.78243467,,,,,,,,,
2019,8,23,108.1668697,180.2138484,33.78120626,,,,,,,,,
2019,8,24,108.1788994,180.212231,33.77997785,,,,,,,,,
2019,8,25,108.1909292,180.2106136,33.77874944,,,,,,,,,
2019,8,26,108.2029589,180.2089963,33.77752102,,,,,,,,,
2019,8,27,108.2149887,180.2073789,33.77629261,,,,,,,,,
2019,8,28,108.2270184,180.2057616,33.7750642,,,,,,,,,
2019,8,29,108.2390482,180.2041442,33.77383579,,,,,,,,,
2019,8,30,108.2510779,180.2025268,33.77260737,,,,,,,,,
2019,8,31,108.2631077,180.2009095,33.77137896,,,,,,,,,
2019,9,1,108.2751374,180.1992921,33.77015055,,,,,,,,,
2019,9,2,108.2871672,180.1976747,33.76892214,,,,,,,,,
2019,9,3,108.299197,180.1960574,33.76769373,,,,,,,,,
2019,9,4,108.3112267,180.19444,33.76646531,,,,,,,,,
2019,9,5,108.3232565,180.1928227,33.7652369,,,,,,,,,
2019,9,6,108.3352862,180.1912053,33.76400849,,,,,,,,,
2019,9,7,108.347316,180.1895879,33.76278008,,,,,,,,,
2019,9,8,108.3593457,180.1879706,33.76155166,,,,,,,,,
2019,9,9,108.3713755,180.1863532,33.76032325,,,,,,,,,
2019,9,10,108.3834052,180.1847358,33.75909484,,,,,,,,,
2019,9,11,108.395435,180.1831185,33.75786643,,,,,,,,,
2019,9,12,108.4074647,180.1815011,33.75663801,,,,,,,,,
2019,9,13,108.4194945,180.1798838,33.7554096,,,,,,,,,
2019,9,14,108.4315242,180.1782664,33.75418119,,,,,,,,,
2019,9,15,108.443554,180.176649,33.75295278,,,,,,,,,
2019,9,16,108.4555837,180.1750317,33.75172436,,,,,,,,,
2019,9,17,108.4676135,180.1734143,33.75049595,,,,,,,,,
2019,9,18,108.4796433,180.171797,33.74926754,,,,,,,,,
2019,9,19,108.491673,180.1701796,33.74803913,,,,,,,,,
2019,9,20,108.5037028,180.1685622,33.74681071,,,,,,,,,
2019,9,21,108.5157325,180.1669449,33.7455823,,,,,,,,,
2019,9,22,108.5277623,180.1653275,33.74435389,,,,,,,,,
2019,9,23,108.539792,180.1637101,33.74312548,,,,,,,,,
2019,9,24,108.5518218,180.1620928,33.74189706,,,,,,,,,
2019,9,25,108.5638515,180.1604754,33.74066865,,,,,,,,,
2019,9,26,108.5758813,180.1588581,33.73944024,,,,,,,,,
2019,9,27,108.587911,180.1572407,33.73821183,,,,,,,,,
2019,9,28,108.5999408,180.1556233,33.73698341,,,,,,,,,
2019,9,29,108.6119705,180.154006,33.735755,,,,,,,,,
2019,9,30,108.6240003,180.1523886,33.73452659,,,,,,,,,
2019,10,1,108.63603,180.1507713,33.73329818,,,,,,,,,
2019,10,2,108.6480598,180.1491539,33.73206976,,,,,,,,,
2019,10,3,108.6600896,180.1475365,33.73084135,,,,,,,,,
2019,10,4,108.6721193,180.1459192,33.72961294,,,,,,,,,
2019,10,5,108.6841491,180.1443018,33.72838453,,,,,,,,,
2019,10,6,108.6961788,180.1426844,33.72715611,,,,,,,,,
2019,10,7,108.7082086,180.1410671,33.7259277,,,,,,,,,
2019,10,8,108.7202383,180.1394497,33.72469929,,,,,,,,,
2019,10,9,108.7322681,180.1378324,33.72347088,,,,,,,,,
2019,10,10,108.7442978,180.136215,33.72224246,,,,,,,,,
2019,10,11,108.7563276,180.1345976,33.72101405,,,,,,,,,
2019,10,12,108.7683573,180.1329803,33.71978564,,,,,,,,,
2019,10,13,108.7803871,180.1313629,33.71855723,,,,,,,,,
2019,10,14,108.7924168,180.1297455,33.71732881,,,,,,,,,
2019,10,15,108.8044466,180.1281282,33.7161004,,,,,,,,,
2019,10,16,108.8164763,180.1265108,33.71487199,,,,,,,,,
2019,10,17,108.8285061,180.1248935,33.71364358,,,,,,,,,
2019,10,18,108.8405359,180.1232761,33.71241517,,,,,,,,,
2019,10,19,108.8525656,180.1216587,33.71118675,,,,,,,,,
2019,10,20,108.8645954,180.1200414,33.70995834,,,,,,,,,
2019,10,21,108.8766251,180.118424,33.70872993,,,,,,,,,
2019,10,22,108.8886549,180.1168067,33.70750152,,,,,,,,,
2019,10,23,108.9006846,180.1151893,33.7062731,,,,,,,,,
2019,10,24,108.9127144,180.1135719,33.70504469,,,,,,,,,
2019,10,25,108.9247441,180.1119546,33.70381628,,,,,,,,,
2019,10,26,108.9367739,180.1103372,33.70258787,,,,,,,,,
2019,10,27,108.9488036,180.1087198,33.70135945,,,,,,,,,
2019,10,28,108.9608334,180.1071025,33.70013104,,,,,,,,,
2019,10,29,108.9728631,180.1054851,33.69890263,,,,,,,,,
2019,10,30,108.9848929,180.1038678,33.69767422,,,,,,,,,
2019,10,31,108.9969227,180.1022504,33.6964458,,,,,,,,,
2019,11,1,109.0089524,180.100633,33.69521739,,,,,,,,,
2019,11,2,109.0209822,180.0990157,33.69398898,,,,,,,,,
2019,11,3,109.0330119,180.0973983,33.69276057,,,,,,,,,
2019,11,4,109.0450417,180.0957809,33.69153215,,,,,,,,,
2019,11,5,109.0570714,180.0941636,33.69030374,,,,,,,,,
2019,11,6,109.0691012,180.0925462,33.68907533,,,,,,,,,
2019,11,7,109.0811309,180.0909289,33.68784692,,,,,,,,,
2019,11,8,109.0931607,180.0893115,33.6866185,,,,,,,,,
2019,11,9,109.1051904,180.0876941,33.68539009,,,,,,,,,
2019,11,10,109.1172202,180.0860768,33.68416168,,,,,,,,,
2019,11,11,109.1292499,180.0844594,33.68293327,,,,,,,,,
2019,11,12,109.1412797,180.0828421,33.68170485,,,,,,,,,
2019,11,13,109.1533094,180.0812247,33.68047644,,,,,,,,,
2019,11,14,109.1653392,180.0796073,33.67924803,,,,,,,,,
2019,11,15,109.177369,180.07799,33.67801962,,,,,,,,,
2019,11,16,109.1893987,180.0763726,33.6767912,,,,,,,,,
2019,11,17,109.2014285,180.0747552,33.67556279,,,,,,,,,
2019,11,18,109.2134582,180.0731379,33.67433438,,,,,,,,,
2019,11,19,109.225488,180.0715205,33.67310597,,,,,,,,,
2019,11,20,109.2375177,180.0699032,33.67187755,,,,,,,,,
2019,11,21,109.2495475,180.0682858,33.67064914,,,,,,,,,
2019,11,22,109.2615772,180.0666684,33.66942073,,,,,,,,,
2019,11,23,109.273607,180.0650511,33.66819232,,,,,,,,,
2019,11,24,109.2856367,180.0634337,33.6669639,,,,,,,,,
2019,11,25,109.2976665,180.0618164,33.66573549,,,,,,,,,
2019,11,26,109.3096962,180.060199,33.66450708,,,,,,,,,
2019,11,27,109.321726,180.0585816,33.66327867,,,,,,,,,
2019,11,28,109.3337557,180.0569643,33.66205026,,,,,,,,,
2019,11,29,109.3457855,180.0553469,33.66082184,,,,,,,,,
2019,11,30,109.3578153,180.0537295,33.65959343,,,,,,,,,
2019,12,1,109.369845,180.0521122,33.65836502,,,,,,,,,
2019,12,2,109.3818748,180.0504948,33.65713661,,,,,,,,,
2019,12,3,109.3939045,180.0488775,33.65590819,,,,,,,,,
2019,12,4,109.4059343,180.0472601,33.65467978,,,,,,,,,
2019,12,5,109.417964,180.0456427,33.65345137,,,,,,,,,
2019,12,6,109.4299938,180.0440254,33.65222296,,,,,,,,,
2019,12,7,109.4420235,180.042408,33.65099454,,,,,,,,,
2019,12,8,109.4540533,180.0407906,33.64976613,,,,,,,,,
2019,12,9,109.466083,180.0391733,33.64853772,,,,,,,,,
2019,12,10,109.4781128,180.0375559,33.64730931,,,,,,,,,
2019,12,11,109.4901425,180.0359386,33.64608089,,,,,,,,,
2019,12,12,109.5021723,180.0343212,33.64485248,,,,,,,,,
2019,12,13,109.514202,180.0327038,33.64362407,,,,,,,,,
2019,12,14,109.5262318,180.0310865,33.64239566,,,,,,,,,
2019,12,15,109.5382616,180.0294691,33.64116724,,,,,,,,,
2019,12,16,109.5502913,180.0278518,33.63993883,,,,,,,,,
2019,12,17,109.5623211,180.0262344,33.63871042,,,,,,,,,
2019,12,18,109.5743508,180.024617,33.63748201,,,,,,,,,
2019,12,19,109.5863806,180.0229997,33.63625359,,,,,,,,,
2019,12,20,109.5984103,180.0213823,33.63502518,,,,,,,,,
2019,12,21,109.6104401,180.0197649,33.63379677,,,,,,,,,
2019,12,22,109.6224698,180.0181476,33.63256836,,,,,,,,,
2019,12,23,109.6344996,180.0165302,33.63133994,,,,,,,,,
2019,12,24,109.6465293,180.0149129,33.63011153,,,,,,,,,
2019,12,25,109.6585591,180.0132955,33.62888312,,,,,,,,,
2019,12,26,109.6705888,180.0116781,33.62765471,,,,,,,,,
2019,12,27,109.6826186,180.0100608,33.62642629,,,,,,,,,
2019,12,28,109.6946484,180.0084434,33.62519788,,,,,,,,,
2019,12,29,109.7066781,180.0068261,33.62396947,,,,,,,,,
2019,12,30,109.7187079,180.0052087,33.62274106,,,,,,,,,
2019,12,31,109.7307376,180.0035913,33.62151264,,,,,,,,,
2020,1,1,109.7427674,180.001974,33.62028423,,,,,,,,,
2020,1,2,109.7547971,180.0003566,33.61905582,,,,,,,,,
2020,1,3,109.7668269,179.9987392,33.61782741,,,,,,,,,
2020,1,4,109.7788566,179.9971219,33.61659899,,,,,,,,,
2020,1,5,109.7908864,179.9955045,33.61537058,,,,,,,,,
2020,1,6,109.8029161,179.9938872,33.61414217,,,,,,,,,
2020,1,7,109.8149459,179.9922698,33.61291376,,,,,,,,,
2020,1,8,109.8269756,179.9906524,33.61168534,,,,,,,,,
2020,1,9,109.8390054,179.9890351,33.61045693,,,,,,,,,
2020,1,10,109.8510351,179.9874177,33.60922852,,,,,,,,,
2020,1,11,109.8630649,179.9858003,33.60800011,,,,,,,,,
2020,1,12,109.8750947,179.984183,33.6067717,,,,,,,,,
2020,1,13,109.8871244,179.9825656,33.60554328,,,,,,,,,
2020,1,14,109.8991542,179.9809483,33.60431487,,,,,,,,,
2020,1,15,109.9111839,179.9793309,33.60308646,,,,,,,,,
2020,1,16,109.9232137,179.9777135,33.60185805,,,,,,,,,
2020,1,17,109.9352434,179.9760962,33.60062963,,,,,,,,,
2020,1,18,109.9472732,179.9744788,33.59940122,,,,,,,,,
2020,1,19,109.9593029,179.9728615,33.59817281,,,,,,,,,
2020,1,20,109.9713327,179.9712441,33.5969444,,,,,,,,,
2020,1,21,109.9833624,179.9696267,33.59571598,,,,,,,,,
2020,1,22,109.9953922,179.9680094,33.59448757,,,,,,,,,
2020,1,23,110.0074219,179.966392,33.59325916,,,,,,,,,
2020,1,24,110.0194517,179.9647746,33.59203075,,,,,,,,,
2020,1,25,110.0314814,179.9631573,33.59080233,,,,,,,,,
2020,1,26,110.0435112,179.9615399,33.58957392,,,,,,,,,
2020,1,27,110.055541,179.9599226,33.58834551,,,,,,,,,
2020,1,28,110.0675707,179.9583052,33.5871171,,,,,,,,,
2020,1,29,110.0796005,179.9566878,33.58588868,,,,,,,,,
2020,1,30,110.0916302,179.9550705,33.58466027,,,,,,,,,
2020,1,31,110.10366,179.9534531,33.58343186,,,,,,,,,
2020,2,1,110.1156897,179.9518358,33.58220345,,,,,,,,,
2020,2,2,110.1277195,179.9502184,33.58097503,,,,,,,,,
2020,2,3,110.1397492,179.948601,33.57974662,,,,,,,,,
2020,2,4,110.151779,179.9469837,33.57851821,,,,,,,,,
2020,2,5,110.1638087,179.9453663,33.5772898,,,,,,,,,
2020,2,6,110.1758385,179.9437489,33.57606138,,,,,,,,,
2020,2,7,110.1878682,179.9421316,33.57483297,,,,,,,,,
2020,2,8,110.199898,179.9405142,33.57360456,,,,,,,,,
2020,2,9,110.2119277,179.9388969,33.57237615,,,,,,,,,
2020,2,10,110.2239575,179.9372795,33.57114773,,,,,,,,,
2020,2,11,110.2359873,179.9356621,33.56991932,,,,,,,,,
2020,2,12,110.248017,179.9340448,33.56869091,,,,,,,,,
2020,2,13,110.2600468,179.9324274,33.5674625,,,,,,,,,
2020,2,14,110.2720765,179.93081,33.56623408,,,,,,,,,
2020,2,15,110.2841063,179.9291927,33.56500567,,,,,,,,,
2020,2,16,110.296136,179.9275753,33.56377726,,,,,,,,,
2020,2,17,110.3081658,179.925958,33.56254885,,,,,,,,,
2020,2,18,110.3201955,179.9243406,33.56132043,,,,,,,,,
2020,2,19,110.3322253,179.9227232,33.56009202,,,,,,,,,
2020,2,20,110.344255,179.9211059,33.55886361,,,,,,,,,
2020,2,21,110.3562848,179.9194885,33.5576352,,,,,,,,,
2020,2,22,110.3683145,179.9178712,33.55640678,,,,,,,,,
2020,2,23,110.3803443,179.9162538,33.55517837,,,,,,,,,
2020,2,24,110.3923741,179.9146364,33.55394996,,,,,,,,,
2020,2,25,110.4044038,179.9130191,33.55272155,,,,,,,,,
2020,2,26,110.4164336,179.9114017,33.55149314,,,,,,,,,
2020,2,27,110.4284633,179.9097843,33.55026472,,,,,,,,,
2020,2,28,110.4404931,179.908167,33.54903631,,,,,,,,,
2020,2,29,110.4525228,179.9065496,33.5478079,,,,,,,,,
2020,3,1,110.4645526,179.9049323,33.54657949,,,,,,,,,
2020,3,2,110.4765823,179.9033149,33.54535107,,,,,,,,,
2020,3,3,110.4886121,179.9016975,33.54412266,,,,,,,,,
2020,3,4,110.5006418,179.9000802,33.54289425,,,,,,,,,
2020,3,5,110.5126716,179.8984628,33.54166584,,,,,,,,,
2020,3,6,110.5247013,179.8968455,33.54043742,,,,,,,,,
2020,3,7,110.5367311,179.8952281,33.53920901,,,,,,,,,
2020,3,8,110.5487608,179.8936107,33.5379806,,,,,,,,,
2020,3,9,110.5607906,179.8919934,33.53675219,,,,,,,,,
2020,3,10,110.5728204,179.890376,33.53552377,,,,,,,,,
2020,3,11,110.5848501,179.8887586,33.53429536,,,,,,,,,
2020,3,12,110.5968799,179.8871413,33.53306695,,,,,,,,,
2020,3,13,110.6089096,179.8855239,33.53183854,,,,,,,,,
2020,3,14,110.6209394,179.8839066,33.53061012,,,,,,,,,
2020,3,15,110.6329691,179.8822892,33.52938171,,,,,,,,,
2020,3,16,110.6449989,179.8806718,33.5281533,,,,,,,,,
2020,3,17,110.6570286,179.8790545,33.52692489,,,,,,,,,
2020,3,18,110.6690584,179.8774371,33.52569647,,,,,,,,,
2020,3,19,110.6810881,179.8758197,33.52446806,,,,,,,,,
2020,3,20,110.6931179,179.8742024,33.52323965,,,,,,,,,
2020,3,21,110.7051476,179.872585,33.52201124,,,,,,,,,
2020,3,22,110.7171774,179.8709677,33.52078282,,,,,,,,,
2020,3,23,110.7292071,179.8693503,33.51955441,,,,,,,,,
2020,3,24,110.7412369,179.8677329,33.518326,,,,,,,,,
2020,3,25,110.7532667,179.8661156,33.51709759,,,,,,,,,
2020,3,26,110.7652964,179.8644982,33.51586917,,,,,,,,,
2020,3,27,110.7773262,179.8628809,33.51464076,,,,,,,,,
2020,3,28,110.7893559,179.8612635,33.51341235,,,,,,,,,
2020,3,29,110.8013857,179.8596461,33.51218394,,,,,,,,,
2020,3,30,110.8134154,179.8580288,33.51095552,,,,,,,,,
2020,3,31,110.8254452,179.8564114,33.50972711,,,,,,,,,
2020,4,1,110.8374749,179.854794,33.5084987,,,,,,,,,
2020,4,2,110.8495047,179.8531767,33.50727029,,,,,,,,,
2020,4,3,110.8615344,179.8515593,33.50604187,,,,,,,,,
2020,4,4,110.8735642,179.849942,33.50481346,,,,,,,,,
2020,4,5,110.8855939,179.8483246,33.50358505,,,,,,,,,
2020,4,6,110.8976237,179.8467072,33.50235664,,,,,,,,,
2020,4,7,110.9096534,179.8450899,33.50112822,,,,,,,,,
2020,4,8,110.9216832,179.8434725,33.49989981,,,,,,,,,
2020,4,9,110.933713,179.8418551,33.4986714,,,,,,,,,
2020,4,10,110.9457427,179.8402378,33.49744299,,,,,,,,,
2020,4,11,110.9577725,179.8386204,33.49621458,,,,,,,,,
2020,4,12,110.9698022,179.8370031,33.49498616,,,,,,,,,
2020,4,13,110.981832,179.8353857,33.49375775,,,,,,,,,
2020,4,14,110.9938617,179.8337683,33.49252934,,,,,,,,,
2020,4,15,111.0058915,179.832151,33.49130093,,,,,,,,,
2020,4,16,111.0179212,179.8305336,33.49007251,,,,,,,,,
2020,4,17,111.029951,179.8289163,33.4888441,,,,,,,,,
2020,4,18,111.0419807,179.8272989,33.48761569,,,,,,,,,
2020,4,19,111.0540105,179.8256815,33.48638728,,,,,,,,,
2020,4,20,111.0660402,179.8240642,33.48515886,,,,,,,,,
2020,4,21,111.07807,179.8224468,33.48393045,,,,,,,,,
2020,4,22,111.0900998,179.8208294,33.48270204,,,,,,,,,
2020,4,23,111.1021295,179.8192121,33.48147363,,,,,,,,,
2020,4,24,111.1141593,179.8175947,33.48024521,,,,,,,,,
2020,4,25,111.126189,179.8159774,33.4790168,,,,,,,,,
2020,4,26,111.1382188,179.81436,33.47778839,,,,,,,,,
2020,4,27,111.1502485,179.8127426,33.47655998,,,,,,,,,
2020,4,28,111.1622783,179.8111253,33.47533156,,,,,,,,,
2020,4,29,111.174308,179.8095079,33.47410315,,,,,,,,,
2020,4,30,111.1863378,179.8078906,33.47287474,,,,,,,,,
2020,5,1,111.1983675,179.8062732,33.47164633,,,,,,,,,
2020,5,2,111.2103973,179.8046558,33.47041791,,,,,,,,,
2020,5,3,111.222427,179.8030385,33.4691895,,,,,,,,,
2020,5,4,111.2344568,179.8014211,33.46796109,,,,,,,,,
2020,5,5,111.2464865,179.7998037,33.46673268,,,,,,,,,
2020,5,6,111.2585163,179.7981864,33.46550426,,,,,,,,,
2020,5,7,111.2705461,179.796569,33.46427585,,,,,,,,,
2020,5,8,111.2825758,179.7949517,33.46304744,,,,,,,,,
2020,5,9,111.2946056,179.7933343,33.46181903,,,,,,,,,
2020,5,10,111.3066353,179.7917169,33.46059061,,,,,,,,,
2020,5,11,111.3186651,179.7900996,33.4593622,,,,,,,,,
2020,5,12,111.3306948,179.7884822,33.45813379,,,,,,,,,
2020,5,13,111.3427246,179.7868648,33.45690538,,,,,,,,,
2020,5,14,111.3547543,179.7852475,33.45567696,,,,,,,,,
2020,5,15,111.3667841,179.7836301,33.45444855,,,,,,,,,
2020,5,16,111.3788138,179.7820128,33.45322014,,,,,,,,,
2020,5,17,111.3908436,179.7803954,33.45199173,,,,,,,,,
2020,5,18,111.4028733,179.778778,33.45076331,,,,,,,,,
2020,5,19,111.4149031,179.7771607,33.4495349,,,,,,,,,
2020,5,20,111.4269328,179.7755433,33.44830649,,,,,,,,,
2020,5,21,111.4389626,179.773926,33.44707808,,,,,,,,,
2020,5,22,111.4509924,179.7723086,33.44584967,,,,,,,,,
2020,5,23,111.4630221,179.7706912,33.44462125,,,,,,,,,
2020,5,24,111.4750519,179.7690739,33.44339284,,,,,,,,,
2020,5,25,111.4870816,179.7674565,33.44216443,,,,,,,,,
2020,5,26,111.4991114,179.7658391,33.44093602,,,,,,,,,
2020,5,27,111.5111411,179.7642218,33.4397076,,,,,,,,,
2020,5,28,111.5231709,179.7626044,33.43847919,,,,,,,,,
2020,5,29,111.5352006,179.7609871,33.43725078,,,,,,,,,
2020,5,30,111.5472304,179.7593697,33.43602237,,,,,,,,,
2020,5,31,111.5592601,179.7577523,33.43479395,,,,,,,,,
2020,6,1,111.5712899,179.756135,33.43356554,,,,,,,,,
2020,6,2,111.5833196,179.7545176,33.43233713,,,,,,,,,
2020,6,3,111.5953494,179.7529003,33.43110872,,,,,,,,,
2020,6,4,111.6073791,179.7512829,33.4298803,,,,,,,,,
2020,6,5,111.6194089,179.7496655,33.42865189,,,,,,,,,
2020,6,6,111.6314387,179.7480482,33.42742348,,,,,,,,,
2020,6,7,111.6434684,179.7464308,33.42619507,,,,,,,,,
2020,6,8,111.6554982,179.7448134,33.42496665,,,,,,,,,
2020,6,9,111.6675279,179.7431961,33.42373824,,,,,,,,,
2020,6,10,111.6795577,179.7415787,33.42250983,,,,,,,,,
2020,6,11,111.6915874,179.7399614,33.42128142,,,,,,,,,
2020,6,12,111.7036172,179.738344,33.420053,,,,,,,,,
2020,6,13,111.7156469,179.7367266,33.41882459,,,,,,,,,
2020,6,14,111.7276767,179.7351093,33.41759618,,,,,,,,,
2020,6,15,111.7397064,179.7334919,33.41636777,,,,,,,,,
2020,6,16,111.7517362,179.7318745,33.41513935,,,,,,,,,
2020,6,17,111.7637659,179.7302572,33.41391094,,,,,,,,,
2020,6,18,111.7757957,179.7286398,33.41268253,,,,,,,,,
2020,6,19,111.7878254,179.7270225,33.41145412,,,,,,,,,
2020,6,20,111.7998552,179.7254051,33.4102257,,,,,,,,,
2020,6,21,111.811885,179.7237877,33.40899729,,,,,,,,,
2020,6,22,111.8239147,179.7221704,33.40776888,,,,,,,,,
2020,6,23,111.8359445,179.720553,33.40654047,,,,,,,,,
2020,6,24,111.8479742,179.7189357,33.40531205,,,,,,,,,
2020,6,25,111.860004,179.7173183,33.40408364,,,,,,,,,
2020,6,26,111.8720337,179.7157009,33.40285523,,,,,,,,,
2020,6,27,111.8840635,179.7140836,33.40162682,,,,,,,,,
2020,6,28,111.8960932,179.7124662,33.4003984,,,,,,,,,
2020,6,29,111.908123,179.7108488,33.39916999,,,,,,,,,
2020,6,30,111.9201527,179.7092315,33.39794158,,,,,,,,,
2020,7,1,111.9321825,179.7076141,33.39671317,,,,,,,,,
2020,7,2,111.9442122,179.7059968,33.39548475,,,,,,,,,
2020,7,3,111.956242,179.7043794,33.39425634,,,,,,,,,
2020,7,4,111.9682718,179.702762,33.39302793,,,,,,,,,
2020,7,5,111.9803015,179.7011447,33.39179952,,,,,,,,,
2020,7,6,111.9923313,179.6995273,33.39057111,,,,,,,,,
2020,7,7,112.004361,179.69791,33.38934269,,,,,,,,,
2020,7,8,112.0163908,179.6962926,33.38811428,,,,,,,,,
2020,7,9,112.0284205,179.6946752,33.38688587,,,,,,,,,
2020,7,10,112.0404503,179.6930579,33.38565746,,,,,,,,,
2020,7,11,112.05248,179.6914405,33.38442904,,,,,,,,,
2020,7,12,112.0645098,179.6898231,33.38320063,,,,,,,,,
2020,7,13,112.0765395,179.6882058,33.38197222,,,,,,,,,
2020,7,14,112.0885693,179.6865884,33.38074381,,,,,,,,,
2020,7,15,112.100599,179.6849711,33.37951539,,,,,,,,,
2020,7,16,112.1126288,179.6833537,33.37828698,,,,,,,,,
2020,7,17,112.1246585,179.6817363,33.37705857,,,,,,,,,
2020,7,18,112.1366883,179.680119,33.37583016,,,,,,,,,
2020,7,19,112.1487181,179.6785016,33.37460174,,,,,,,,,
2020,7,20,112.1607478,179.6768842,33.37337333,,,,,,,,,
2020,7,21,112.1727776,179.6752669,33.37214492,,,,,,,,,
2020,7,22,112.1848073,179.6736495,33.37091651,,,,,,,,,
2020,7,23,112.1968371,179.6720322,33.36968809,,,,,,,,,
2020,7,24,112.2088668,179.6704148,33.36845968,,,,,,,,,
2020,7,25,112.2208966,179.6687974,33.36723127,,,,,,,,,
2020,7,26,112.2329263,179.6671801,33.36600286,,,,,,,,,
2020,7,27,112.2449561,179.6655627,33.36477444,,,,,,,,,
2020,7,28,112.2569858,179.6639454,33.36354603,,,,,,,,,
2020,7,29,112.2690156,179.662328,33.36231762,,,,,,,,,
2020,7,30,112.2810453,179.6607106,33.36108921,,,,,,,,,
2020,7,31,112.2930751,179.6590933,33.35986079,,,,,,,,,
2020,8,1,112.3051048,179.6574759,33.35863238,,,,,,,,,
2020,8,2,112.3171346,179.6558585,33.35740397,,,,,,,,,
2020,8,3,112.3291644,179.6542412,33.35617556,,,,,,,,,
2020,8,4,112.3411941,179.6526238,33.35494714,,,,,,,,,
2020,8,5,112.3532239,179.6510065,33.35371873,,,,,,,,,
2020,8,6,112.3652536,179.6493891,33.35249032,,,,,,,,,
2020,8,7,112.3772834,179.6477717,33.35126191,,,,,,,,,
2020,8,8,112.3893131,179.6461544,33.35003349,,,,,,,,,
2020,8,9,112.4013429,179.644537,33.34880508,,,,,,,,,
2020,8,10,112.4133726,179.6429197,33.34757667,,,,,,,,,
2020,8,11,112.4254024,179.6413023,33.34634826,,,,,,,,,
2020,8,12,112.4374321,179.6396849,33.34511984,,,,,,,,,
2020,8,13,112.4494619,179.6380676,33.34389143,,,,,,,,,
2020,8,14,112.4614916,179.6364502,33.34266302,,,,,,,,,
2020,8,15,112.4735214,179.6348328,33.34143461,,,,,,,,,
2020,8,16,112.4855511,179.6332155,33.34020619,,,,,,,,,
2020,8,17,112.4975809,179.6315981,33.33897778,,,,,,,,,
2020,8,18,112.5096107,179.6299808,33.33774937,,,,,,,,,
2020,8,19,112.5216404,179.6283634,33.33652096,,,,,,,,,
2020,8,20,112.5336702,179.626746,33.33529255,,,,,,,,,
2020,8,21,112.5456999,179.6251287,33.33406413,,,,,,,,,
2020,8,22,112.5577297,179.6235113,33.33283572,,,,,,,,,
2020,8,23,112.5697594,179.6218939,33.33160731,,,,,,,,,
2020,8,24,112.5817892,179.6202766,33.3303789,,,,,,,,,
2020,8,25,112.5938189,179.6186592,33.32915048,,,,,,,,,
2020,8,26,112.6058487,179.6170419,33.32792207,,,,,,,,,
2020,8,27,112.6178784,179.6154245,33.32669366,,,,,,,,,
2020,8,28,112.6299082,179.6138071,33.32546525,,,,,,,,,
2020,8,29,112.6419379,179.6121898,33.32423683,,,,,,,,,
2020,8,30,112.6539677,179.6105724,33.32300842,,,,,,,,,
2020,8,31,112.6659975,179.6089551,33.32178001,,,,,,,,,
2020,9,1,112.6780272,179.6073377,33.3205516,,,,,,,,,
2020,9,2,112.690057,179.6057203,33.31932318,,,,,,,,,
2020,9,3,112.7020867,179.604103,33.31809477,,,,,,,,,
2020,9,4,112.7141165,179.6024856,33.31686636,,,,,,,,,
2020,9,5,112.7261462,179.6008682,33.31563795,,,,,,,,,
2020,9,6,112.738176,179.5992509,33.31440953,,,,,,,,,
2020,9,7,112.7502057,179.5976335,33.31318112,,,,,,,,,
2020,9,8,112.7622355,179.5960162,33.31195271,,,,,,,,,
2020,9,9,112.7742652,179.5943988,33.3107243,,,,,,,,,
2020,9,10,112.786295,179.5927814,33.30949588,,,,,,,,,
2020,9,11,112.7983247,179.5911641,33.30826747,,,,,,,,,
2020,9,12,112.8103545,179.5895467,33.30703906,,,,,,,,,
2020,9,13,112.8223842,179.5879293,33.30581065,,,,,,,,,
2020,9,14,112.834414,179.586312,33.30458223,,,,,,,,,
2020,9,15,112.8464438,179.5846946,33.30335382,,,,,,,,,
2020,9,16,112.8584735,179.5830773,33.30212541,,,,,,,,,
2020,9,17,112.8705033,179.5814599,33.300897,,,,,,,,,
2020,9,18,112.882533,179.5798425,33.29966858,,,,,,,,,
2020,9,19,112.8945628,179.5782252,33.29844017,,,,,,,,,
2020,9,20,112.9065925,179.5766078,33.29721176,,,,,,,,,
2020,9,21,112.9186223,179.5749905,33.29598335,,,,,,,,,
2020,9,22,112.930652,179.5733731,33.29475493,,,,,,,,,
2020,9,23,112.9426818,179.5717557,33.29352652,,,,,,,,,
2020,9,24,112.9547115,179.5701384,33.29229811,,,,,,,,,
2020,9,25,112.9667413,179.568521,33.2910697,,,,,,,,,
2020,9,26,112.978771,179.5669036,33.28984128,,,,,,,,,
2020,9,27,112.9908008,179.5652863,33.28861287,,,,,,,,,
2020,9,28,113.0028305,179.5636689,33.28738446,,,,,,,,,
2020,9,29,113.0148603,179.5620516,33.28615605,,,,,,,,,
2020,9,30,113.0268901,179.5604342,33.28492764,,,,,,,,,
2020,10,1,113.0389198,179.5588168,33.28369922,,,,,,,,,
2020,10,2,113.0509496,179.5571995,33.28247081,,,,,,,,,
2020,10,3,113.0629793,179.5555821,33.2812424,,,,,,,,,
2020,10,4,113.0750091,179.5539648,33.28001399,,,,,,,,,
2020,10,5,113.0870388,179.5523474,33.27878557,,,,,,,,,
2020,10,6,113.0990686,179.55073,33.27755716,,,,,,,,,
2020,10,7,113.1110983,179.5491127,33.27632875,,,,,,,,,
2020,10,8,113.1231281,179.5474953,33.27510034,,,,,,,,,
2020,10,9,113.1351578,179.5458779,33.27387192,,,,,,,,,
2020,10,10,113.1471876,179.5442606,33.27264351,,,,,,,,,
2020,10,11,113.1592173,179.5426432,33.2714151,,,,,,,,,
2020,10,12,113.1712471,179.5410259,33.27018669,,,,,,,,,
2020,10,13,113.1832768,179.5394085,33.26895827,,,,,,,,,
2020,10,14,113.1953066,179.5377911,33.26772986,,,,,,,,,
2020,10,15,113.2073364,179.5361738,33.26650145,,,,,,,,,
2020,10,16,113.2193661,179.5345564,33.26527304,,,,,,,,,
2020,10,17,113.2313959,179.532939,33.26404462,,,,,,,,,
2020,10,18,113.2434256,179.5313217,33.26281621,,,,,,,,,
2020,10,19,113.2554554,179.5297043,33.2615878,,,,,,,,,
2020,10,20,113.2674851,179.528087,33.26035939,,,,,,,,,
2020,10,21,113.2795149,179.5264696,33.25913097,,,,,,,,,
2020,10,22,113.2915446,179.5248522,33.25790256,,,,,,,,,
2020,10,23,113.3035744,179.5232349,33.25667415,,,,,,,,,
2020,10,24,113.3156041,179.5216175,33.25544574,,,,,,,,,
2020,10,25,113.3276339,179.5200002,33.25421732,,,,,,,,,
2020,10,26,113.3396636,179.5183828,33.25298891,,,,,,,,,
2020,10,27,113.3516934,179.5167654,33.2517605,,,,,,,,,
2020,10,28,113.3637232,179.5151481,33.25053209,,,,,,,,,
2020,10,29,113.3757529,179.5135307,33.24930367,,,,,,,,,
2020,10,30,113.3877827,179.5119133,33.24807526,,,,,,,,,
2020,10,31,113.3998124,179.510296,33.24684685,,,,,,,,,
2020,11,1,113.4118422,179.5086786,33.24561844,,,,,,,,,
2020,11,2,113.4238719,179.5070613,33.24439002,,,,,,,,,
2020,11,3,113.4359017,179.5054439,33.24316161,,,,,,,,,
2020,11,4,113.4479314,179.5038265,33.2419332,,,,,,,,,
2020,11,5,113.4599612,179.5022092,33.24070479,,,,,,,,,
2020,11,6,113.4719909,179.5005918,33.23947637,,,,,,,,,
2020,11,7,113.4840207,179.4989745,33.23824796,,,,,,,,,
2020,11,8,113.4960504,179.4973571,33.23701955,,,,,,,,,
2020,11,9,113.5080802,179.4957397,33.23579114,,,,,,,,,
2020,11,10,113.5201099,179.4941224,33.23456272,,,,,,,,,
2020,11,11,113.5321397,179.492505,33.23333431,,,,,,,,,
2020,11,12,113.5441695,179.4908876,33.2321059,,,,,,,,,
2020,11,13,113.5561992,179.4892703,33.23087749,,,,,,,,,
2020,11,14,113.568229,179.4876529,33.22964908,,,,,,,,,
2020,11,15,113.5802587,179.4860356,33.22842066,,,,,,,,,
2020,11,16,113.5922885,179.4844182,33.22719225,,,,,,,,,
2020,11,17,113.6043182,179.4828008,33.22596384,,,,,,,,,
2020,11,18,113.616348,179.4811835,33.22473543,,,,,,,,,
2020,11,19,113.6283777,179.4795661,33.22350701,,,,,,,,,
2020,11,20,113.6404075,179.4779487,33.2222786,,,,,,,,,
2020,11,21,113.6524372,179.4763314,33.22105019,,,,,,,,,
2020,11,22,113.664467,179.474714,33.21982178,,,,,,,,,
2020,11,23,113.6764967,179.4730967,33.21859336,,,,,,,,,
2020,11,24,113.6885265,179.4714793,33.21736495,,,,,,,,,
2020,11,25,113.7005562,179.4698619,33.21613654,,,,,,,,,
2020,11,26,113.712586,179.4682446,33.21490813,,,,,,,,,
2020,11,27,113.7246158,179.4666272,33.21367971,,,,,,,,,
2020,11,28,113.7366455,179.4650099,33.2124513,,,,,,,,,
2020,11,29,113.7486753,179.4633925,33.21122289,,,,,,,,,
2020,11,30,113.760705,179.4617751,33.20999448,,,,,,,,,
2020,12,1,113.7727348,179.4601578,33.20876606,,,,,,,,,
2020,12,2,113.7847645,179.4585404,33.20753765,,,,,,,,,
2020,12,3,113.7967943,179.456923,33.20630924,,,,,,,,,
2020,12,4,113.808824,179.4553057,33.20508083,,,,,,,,,
2020,12,5,113.8208538,179.4536883,33.20385241,,,,,,,,,
2020,12,6,113.8328835,179.452071,33.202624,,,,,,,,,
2020,12,7,113.8449133,179.4504536,33.20139559,,,,,,,,,
2020,12,8,113.856943,179.4488362,33.20016718,,,,,,,,,
2020,12,9,113.8689728,179.4472189,33.19893876,,,,,,,,,
2020,12,10,113.8810025,179.4456015,33.19771035,,,,,,,,,
2020,12,11,113.8930323,179.4439842,33.19648194,,,,,,,,,
2020,12,12,113.9050621,179.4423668,33.19525353,,,,,,,,,
2020,12,13,113.9170918,179.4407494,33.19402511,,,,,,,,,
2020,12,14,113.9291216,179.4391321,33.1927967,,,,,,,,,
2020,12,15,113.9411513,179.4375147,33.19156829,,,,,,,,,
2020,12,16,113.9531811,179.4358973,33.19033988,,,,,,,,,
2020,12,17,113.9652108,179.43428,33.18911146,,,,,,,,,
2020,12,18,113.9772406,179.4326626,33.18788305,,,,,,,,,
2020,12,19,113.9892703,179.4310453,33.18665464,,,,,,,,,
2020,12,20,114.0013001,179.4294279,33.18542623,,,,,,,,,
2020,12,21,114.0133298,179.4278105,33.18419781,,,,,,,,,
2020,12,22,114.0253596,179.4261932,33.1829694,,,,,,,,,
2020,12,23,114.0373893,179.4245758,33.18174099,,,,,,,,,
2020,12,24,114.0494191,179.4229584,33.18051258,,,,,,,,,
2020,12,25,114.0614489,179.4213411,33.17928416,,,,,,,,,
2020,12,26,114.0734786,179.4197237,33.17805575,,,,,,,,,
2020,12,27,114.0855084,179.4181064,33.17682734,,,,,,,,,
2020,12,28,114.0975381,179.416489,33.17559893,,,,,,,,,
2020,12,29,114.1095679,179.4148716,33.17437052,,,,,,,,,
2020,12,30,114.1215976,179.4132543,33.1731421,,,,,,,,,
2020,12,31,114.1336274,179.4116369,33.17191369,,,,,,,,,
2021,1,1,114.1456571,179.4100196,33.17068528,,,,,,,,,
2021,1,2,114.1576869,179.4084022,33.16945687,,,,,,,,,
2021,1,3,114.1697166,179.4067848,33.16822845,,,,,,,,,
2021,1,4,114.1817464,179.4051675,33.16700004,,,,,,,,,
2021,1,5,114.1937761,179.4035501,33.16577163,,,,,,,,,
2021,1,6,114.2058059,179.4019327,33.16454322,,,,,,,,,
2021,1,7,114.2178356,179.4003154,33.1633148,,,,,,,,,
2021,1,8,114.2298654,179.398698,33.16208639,,,,,,,,,
2021,1,9,114.2418952,179.3970807,33.16085798,,,,,,,,,
2021,1,10,114.2539249,179.3954633,33.15962957,,,,,,,,,
2021,1,11,114.2659547,179.3938459,33.15840115,,,,,,,,,
2021,1,12,114.2779844,179.3922286,33.15717274,,,,,,,,,
2021,1,13,114.2900142,179.3906112,33.15594433,,,,,,,,,
2021,1,14,114.3020439,179.3889939,33.15471592,,,,,,,,,
2021,1,15,114.3140737,179.3873765,33.1534875,,,,,,,,,
2021,1,16,114.3261034,179.3857591,33.15225909,,,,,,,,,
2021,1,17,114.3381332,179.3841418,33.15103068,,,,,,,,,
2021,1,18,114.3501629,179.3825244,33.14980227,,,,,,,,,
2021,1,19,114.3621927,179.380907,33.14857385,,,,,,,,,
2021,1,20,114.3742224,179.3792897,33.14734544,,,,,,,,,
2021,1,21,114.3862522,179.3776723,33.14611703,,,,,,,,,
2021,1,22,114.3982819,179.376055,33.14488862,,,,,,,,,
2021,1,23,114.4103117,179.3744376,33.1436602,,,,,,,,,
2021,1,24,114.4223415,179.3728202,33.14243179,,,,,,,,,
2021,1,25,114.4343712,179.3712029,33.14120338,,,,,,,,,
2021,1,26,114.446401,179.3695855,33.13997497,,,,,,,,,
2021,1,27,114.4584307,179.3679681,33.13874655,,,,,,,,,
2021,1,28,114.4704605,179.3663508,33.13751814,,,,,,,,,
2021,1,29,114.4824902,179.3647334,33.13628973,,,,,,,,,
2021,1,30,114.49452,179.3631161,33.13506132,,,,,,,,,
2021,1,31,114.5065497,179.3614987,33.1338329,,,,,,,,,
2021,2,1,114.5185795,179.3598813,33.13260449,,,,,,,,,
2021,2,2,114.5306092,179.358264,33.13137608,,,,,,,,,
2021,2,3,114.542639,179.3566466,33.13014767,,,,,,,,,
2021,2,4,114.5546687,179.3550293,33.12891925,,,,,,,,,
2021,2,5,114.5666985,179.3534119,33.12769084,,,,,,,,,
2021,2,6,114.5787282,179.3517945,33.12646243,,,,,,,,,
2021,2,7,114.590758,179.3501772,33.12523402,,,,,,,,,
2021,2,8,114.6027878,179.3485598,33.1240056,,,,,,,,,
2021,2,9,114.6148175,179.3469424,33.12277719,,,,,,,,,
2021,2,10,114.6268473,179.3453251,33.12154878,,,,,,,,,
2021,2,11,114.638877,179.3437077,33.12032037,,,,,,,,,
2021,2,12,114.6509068,179.3420904,33.11909196,,,,,,,,,
2021,2,13,114.6629365,179.340473,33.11786354,,,,,,,,,
2021,2,14,114.6749663,179.3388556,33.11663513,,,,,,,,,
2021,2,15,114.686996,179.3372383,33.11540672,,,,,,,,,
2021,2,16,114.6990258,179.3356209,33.11417831,,,,,,,,,
2021,2,17,114.7110555,179.3340036,33.11294989,,,,,,,,,
2021,2,18,114.7230853,179.3323862,33.11172148,,,,,,,,,
2021,2,19,114.735115,179.3307688,33.11049307,,,,,,,,,
2021,2,20,114.7471448,179.3291515,33.10926466,,,,,,,,,
2021,2,21,114.7591746,179.3275341,33.10803624,,,,,,,,,
2021,2,22,114.7712043,179.3259167,33.10680783,,,,,,,,,
2021,2,23,114.7832341,179.3242994,33.10557942,,,,,,,,,
2021,2,24,114.7952638,179.322682,33.10435101,,,,,,,,,
2021,2,25,114.8072936,179.3210647,33.10312259,,,,,,,,,
2021,2,26,114.8193233,179.3194473,33.10189418,,,,,,,,,
2021,2,27,114.8313531,179.3178299,33.10066577,,,,,,,,,
2021,2,28,114.8433828,179.3162126,33.09943736,,,,,,,,,
2021,3,1,114.8554126,179.3145952,33.09820894,,,,,,,,,
2021,3,2,114.8674423,179.3129778,33.09698053,,,,,,,,,
2021,3,3,114.8794721,179.3113605,33.09575212,,,,,,,,,
2021,3,4,114.8915018,179.3097431,33.09452371,,,,,,,,,
2021,3,5,114.9035316,179.3081258,33.09329529,,,,,,,,,
2021,3,6,114.9155613,179.3065084,33.09206688,,,,,,,,,
2021,3,7,114.9275911,179.304891,33.09083847,,,,,,,,,
2021,3,8,114.9396209,179.3032737,33.08961006,,,,,,,,,
2021,3,9,114.9516506,179.3016563,33.08838164,,,,,,,,,
2021,3,10,114.9636804,179.300039,33.08715323,,,,,,,,,
2021,3,11,114.9757101,179.2984216,33.08592482,,,,,,,,,
2021,3,12,114.9877399,179.2968042,33.08469641,,,,,,,,,
2021,3,13,114.9997696,179.2951869,33.08346799,,,,,,,,,
2021,3,14,115.0117994,179.2935695,33.08223958,,,,,,,,,
2021,3,15,115.0238291,179.2919521,33.08101117,,,,,,,,,
2021,3,16,115.0358589,179.2903348,33.07978276,,,,,,,,,
2021,3,17,115.0478886,179.2887174,33.07855434,,,,,,,,,
2021,3,18,115.0599184,179.2871001,33.07732593,,,,,,,,,
2021,3,19,115.0719481,179.2854827,33.07609752,,,,,,,,,
2021,3,20,115.0839779,179.2838653,33.07486911,,,,,,,,,
2021,3,21,115.0960076,179.282248,33.07364069,,,,,,,,,
2021,3,22,115.1080374,179.2806306,33.07241228,,,,,,,,,
2021,3,23,115.1200672,179.2790132,33.07118387,,,,,,,,,
2021,3,24,115.1320969,179.2773959,33.06995546,,,,,,,,,
2021,3,25,115.1441267,179.2757785,33.06872705,,,,,,,,,
2021,3,26,115.1561564,179.2741612,33.06749863,,,,,,,,,
2021,3,27,115.1681862,179.2725438,33.06627022,,,,,,,,,
2021,3,28,115.1802159,179.2709264,33.06504181,,,,,,,,,
2021,3,29,115.1922457,179.2693091,33.0638134,,,,,,,,,
2021,3,30,115.2042754,179.2676917,33.06258498,,,,,,,,,
2021,3,31,115.2163052,179.2660744,33.06135657,,,,,,,,,
2021,4,1,115.2283349,179.264457,33.06012816,,,,,,,,,
2021,4,2,115.2403647,179.2628396,33.05889975,,,,,,,,,
2021,4,3,115.2523944,179.2612223,33.05767133,,,,,,,,,
2021,4,4,115.2644242,179.2596049,33.05644292,,,,,,,,,
2021,4,5,115.2764539,179.2579875,33.05521451,,,,,,,,,
2021,4,6,115.2884837,179.2563702,33.0539861,,,,,,,,,
2021,4,7,115.3005135,179.2547528,33.05275768,,,,,,,,,
2021,4,8,115.3125432,179.2531355,33.05152927,,,,,,,,,
2021,4,9,115.324573,179.2515181,33.05030086,,,,,,,,,
2021,4,10,115.3366027,179.2499007,33.04907245,,,,,,,,,
2021,4,11,115.3486325,179.2482834,33.04784403,,,,,,,,,
2021,4,12,115.3606622,179.246666,33.04661562,,,,,,,,,
2021,4,13,115.372692,179.2450487,33.04538721,,,,,,,,,
2021,4,14,115.3847217,179.2434313,33.0441588,,,,,,,,,
2021,4,15,115.3967515,179.2418139,33.04293038,,,,,,,,,
2021,4,16,115.4087812,179.2401966,33.04170197,,,,,,,,,
2021,4,17,115.420811,179.2385792,33.04047356,,,,,,,,,
2021,4,18,115.4328407,179.2369618,33.03924515,,,,,,,,,
2021,4,19,115.4448705,179.2353445,33.03801673,,,,,,,,,
2021,4,20,115.4569003,179.2337271,33.03678832,,,,,,,,,
2021,4,21,115.46893,179.2321098,33.03555991,,,,,,,,,
2021,4,22,115.4809598,179.2304924,33.0343315,,,,,,,,,
2021,4,23,115.4929895,179.228875,33.03310308,,,,,,,,,
2021,4,24,115.5050193,179.2272577,33.03187467,,,,,,,,,
2021,4,25,115.517049,179.2256403,33.03064626,,,,,,,,,
2021,4,26,115.5290788,179.2240229,33.02941785,,,,,,,,,
2021,4,27,115.5411085,179.2224056,33.02818943,,,,,,,,,
2021,4,28,115.5531383,179.2207882,33.02696102,,,,,,,,,
2021,4,29,115.565168,179.2191709,33.02573261,,,,,,,,,
2021,4,30,115.5771978,179.2175535,33.0245042,,,,,,,,,
2021,5,1,115.5892275,179.2159361,33.02327578,,,,,,,,,
2021,5,2,115.6012573,179.2143188,33.02204737,,,,,,,,,
2021,5,3,115.613287,179.2127014,33.02081896,,,,,,,,,
2021,5,4,115.6253168,179.2110841,33.01959055,,,,,,,,,
2021,5,5,115.6373466,179.2094667,33.01836213,,,,,,,,,
2021,5,6,115.6493763,179.2078493,33.01713372,,,,,,,,,
2021,5,7,115.6614061,179.206232,33.01590531,,,,,,,,,
2021,5,8,115.6734358,179.2046146,33.0146769,,,,,,,,,
2021,5,9,115.6854656,179.2029972,33.01344849,,,,,,,,,
2021,5,10,115.6974953,179.2013799,33.01222007,,,,,,,,,
2021,5,11,115.7095251,179.1997625,33.01099166,,,,,,,,,
2021,5,12,115.7215548,179.1981452,33.00976325,,,,,,,,,
2021,5,13,115.7335846,179.1965278,33.00853484,,,,,,,,,
2021,5,14,115.7456143,179.1949104,33.00730642,,,,,,,,,
2021,5,15,115.7576441,179.1932931,33.00607801,,,,,,,,,
2021,5,16,115.7696738,179.1916757,33.0048496,,,,,,,,,
2021,5,17,115.7817036,179.1900584,33.00362119,,,,,,,,,
2021,5,18,115.7937333,179.188441,33.00239277,,,,,,,,,
2021,5,19,115.8057631,179.1868236,33.00116436,,,,,,,,,
2021,5,20,115.8177929,179.1852063,32.99993595,,,,,,,,,
2021,5,21,115.8298226,179.1835889,32.99870754,,,,,,,,,
2021,5,22,115.8418524,179.1819715,32.99747912,,,,,,,,,
2021,5,23,115.8538821,179.1803542,32.99625071,,,,,,,,,
2021,5,24,115.8659119,179.1787368,32.9950223,,,,,,,,,
2021,5,25,115.8779416,179.1771195,32.99379389,,,,,,,,,
2021,5,26,115.8899714,179.1755021,32.99256547,,,,,,,,,
2021,5,27,115.9020011,179.1738847,32.99133706,,,,,,,,,
2021,5,28,115.9140309,179.1722674,32.99010865,,,,,,,,,
2021,5,29,115.9260606,179.17065,32.98888024,,,,,,,,,
2021,5,30,115.9380904,179.1690326,32.98765182,,,,,,,,,
2021,5,31,115.9501201,179.1674153,32.98642341,,,,,,,,,
2021,6,1,115.9621499,179.1657979,32.985195,,,,,,,,,
2021,6,2,115.9741796,179.1641806,32.98396659,,,,,,,,,
2021,6,3,115.9862094,179.1625632,32.98273817,,,,,,,,,
2021,6,4,115.9982392,179.1609458,32.98150976,,,,,,,,,
2021,6,5,116.0102689,179.1593285,32.98028135,,,,,,,,,
2021,6,6,116.0222987,179.1577111,32.97905294,,,,,,,,,
2021,6,7,116.0343284,179.1560938,32.97782452,,,,,,,,,
2021,6,8,116.0463582,179.1544764,32.97659611,,,,,,,,,
2021,6,9,116.0583879,179.152859,32.9753677,,,,,,,,,
2021,6,10,116.0704177,179.1512417,32.97413929,,,,,,,,,
2021,6,11,116.0824474,179.1496243,32.97291087,,,,,,,,,
2021,6,12,116.0944772,179.1480069,32.97168246,,,,,,,,,
2021,6,13,116.1065069,179.1463896,32.97045405,,,,,,,,,
2021,6,14,116.1185367,179.1447722,32.96922564,,,,,,,,,
2021,6,15,116.1305664,179.1431549,32.96799722,,,,,,,,,
2021,6,16,116.1425962,179.1415375,32.96676881,,,,,,,,,
2021,6,17,116.154626,179.1399201,32.9655404,,,,,,,,,
2021,6,18,116.1666557,179.1383028,32.96431199,,,,,,,,,
2021,6,19,116.1786855,179.1366854,32.96308357,,,,,,,,,
2021,6,20,116.1907152,179.1350681,32.96185516,,,,,,,,,
2021,6,21,116.202745,179.1334507,32.96062675,,,,,,,,,
2021,6,22,116.2147747,179.1318333,32.95939834,,,,,,,,,
2021,6,23,116.2268045,179.130216,32.95816993,,,,,,,,,
2021,6,24,116.2388342,179.1285986,32.95694151,,,,,,,,,
2021,6,25,116.250864,179.1269812,32.9557131,,,,,,,,,
2021,6,26,116.2628937,179.1253639,32.95448469,,,,,,,,,
2021,6,27,116.2749235,179.1237465,32.95325628,,,,,,,,,
2021,6,28,116.2869532,179.1221292,32.95202786,,,,,,,,,
2021,6,29,116.298983,179.1205118,32.95079945,,,,,,,,,
2021,6,30,116.3110127,179.1188944,32.94957104,,,,,,,,,
2021,7,1,116.3230425,179.1172771,32.94834263,,,,,,,,,
2021,7,2,116.3350723,179.1156597,32.94711421,,,,,,,,,
2021,7,3,116.347102,179.1140423,32.9458858,,,,,,,,,
2021,7,4,116.3591318,179.112425,32.94465739,,,,,,,,,
2021,7,5,116.3711615,179.1108076,32.94342898,,,,,,,,,
2021,7,6,116.3831913,179.1091903,32.94220056,,,,,,,,,
2021,7,7,116.395221,179.1075729,32.94097215,,,,,,,,,
2021,7,8,116.4072508,179.1059555,32.93974374,,,,,,,,,
2021,7,9,116.4192805,179.1043382,32.93851533,,,,,,,,,
2021,7,10,116.4313103,179.1027208,32.93728691,,,,,,,,,
2021,7,11,116.44334,179.1011035,32.9360585,,,,,,,,,
2021,7,12,116.4553698,179.0994861,32.93483009,,,,,,,,,
2021,7,13,116.4673995,179.0978687,32.93360168,,,,,,,,,
2021,7,14,116.4794293,179.0962514,32.93237326,,,,,,,,,
2021,7,15,116.491459,179.094634,32.93114485,,,,,,,,,
2021,7,16,116.5034888,179.0930166,32.92991644,,,,,,,,,
2021,7,17,116.5155186,179.0913993,32.92868803,,,,,,,,,
2021,7,18,116.5275483,179.0897819,32.92745961,,,,,,,,,
2021,7,19,116.5395781,179.0881646,32.9262312,,,,,,,,,
2021,7,20,116.5516078,179.0865472,32.92500279,,,,,,,,,
2021,7,21,116.5636376,179.0849298,32.92377438,,,,,,,,,
2021,7,22,116.5756673,179.0833125,32.92254596,,,,,,,,,
2021,7,23,116.5876971,179.0816951,32.92131755,,,,,,,,,
2021,7,24,116.5997268,179.0800778,32.92008914,,,,,,,,,
2021,7,25,116.6117566,179.0784604,32.91886073,,,,,,,,,
2021,7,26,116.6237863,179.076843,32.91763231,,,,,,,,,
2021,7,27,116.6358161,179.0752257,32.9164039,,,,,,,,,
2021,7,28,116.6478458,179.0736083,32.91517549,,,,,,,,,
2021,7,29,116.6598756,179.0719909,32.91394708,,,,,,,,,
2021,7,30,116.6719053,179.0703736,32.91271866,,,,,,,,,
2021,7,31,116.6839351,179.0687562,32.91149025,,,,,,,,,
2021,8,1,116.6959649,179.0671389,32.91026184,,,,,,,,,
2021,8,2,116.7079946,179.0655215,32.90903343,,,,,,,,,
2021,8,3,116.7200244,179.0639041,32.90780501,,,,,,,,,
2021,8,4,116.7320541,179.0622868,32.9065766,,,,,,,,,
2021,8,5,116.7440839,179.0606694,32.90534819,,,,,,,,,
2021,8,6,116.7561136,179.059052,32.90411978,,,,,,,,,
2021,8,7,116.7681434,179.0574347,32.90289137,,,,,,,,,
2021,8,8,116.7801731,179.0558173,32.90166295,,,,,,,,,
2021,8,9,116.7922029,179.0542,32.90043454,,,,,,,,,
2021,8,10,116.8042326,179.0525826,32.89920613,,,,,,,,,
2021,8,11,116.8162624,179.0509652,32.89797772,,,,,,,,,
2021,8,12,116.8282921,179.0493479,32.8967493,,,,,,,,,
2021,8,13,116.8403219,179.0477305,32.89552089,,,,,,,,,
2021,8,14,116.8523517,179.0461132,32.89429248,,,,,,,,,
2021,8,15,116.8643814,179.0444958,32.89306407,,,,,,,,,
2021,8,16,116.8764112,179.0428784,32.89183565,,,,,,,,,
2021,8,17,116.8884409,179.0412611,32.89060724,,,,,,,,,
2021,8,18,116.9004707,179.0396437,32.88937883,,,,,,,,,
2021,8,19,116.9125004,179.0380263,32.88815042,,,,,,,,,
2021,8,20,116.9245302,179.036409,32.886922,,,,,,,,,
2021,8,21,116.9365599,179.0347916,32.88569359,,,,,,,,,
2021,8,22,116.9485897,179.0331743,32.88446518,,,,,,,,,
2021,8,23,116.9606194,179.0315569,32.88323677,,,,,,,,,
2021,8,24,116.9726492,179.0299395,32.88200835,,,,,,,,,
2021,8,25,116.9846789,179.0283222,32.88077994,,,,,,,,,
2021,8,26,116.9967087,179.0267048,32.87955153,,,,,,,,,
2021,8,27,117.0087384,179.0250874,32.87832312,,,,,,,,,
2021,8,28,117.0207682,179.0234701,32.8770947,,,,,,,,,
2021,8,29,117.032798,179.0218527,32.87586629,,,,,,,,,
2021,8,30,117.0448277,179.0202354,32.87463788,,,,,,,,,
2021,8,31,117.0568575,179.018618,32.87340947,,,,,,,,,
2021,9,1,117.0688872,179.0170006,32.87218105,,,,,,,,,
2021,9,2,117.080917,179.0153833,32.87095264,,,,,,,,,
2021,9,3,117.0929467,179.0137659,32.86972423,,,,,,,,,
2021,9,4,117.1049765,179.0121486,32.86849582,,,,,,,,,
2021,9,5,117.1170062,179.0105312,32.8672674,,,,,,,,,
2021,9,6,117.129036,179.0089138,32.86603899,,,,,,,,,
2021,9,7,117.1410657,179.0072965,32.86481058,,,,,,,,,
2021,9,8,117.1530955,179.0056791,32.86358217,,,,,,,,,
2021,9,9,117.1651252,179.0040617,32.86235375,,,,,,,,,
2021,9,10,117.177155,179.0024444,32.86112534,,,,,,,,,
2021,9,11,117.1891847,179.000827,32.85989693,,,,,,,,,
2021,9,12,117.2012145,178.9992097,32.85866852,,,,,,,,,
2021,9,13,117.2132443,178.9975923,32.8574401,,,,,,,,,
2021,9,14,117.225274,178.9959749,32.85621169,,,,,,,,,
2021,9,15,117.2373038,178.9943576,32.85498328,,,,,,,,,
2021,9,16,117.2493335,178.9927402,32.85375487,,,,,,,,,
2021,9,17,117.2613633,178.9911229,32.85252646,,,,,,,,,
2021,9,18,117.273393,178.9895055,32.85129804,,,,,,,,,
2021,9,19,117.2854228,178.9878881,32.85006963,,,,,,,,,
2021,9,20,117.2974525,178.9862708,32.84884122,,,,,,,,,
2021,9,21,117.3094823,178.9846534,32.84761281,,,,,,,,,
2021,9,22,117.321512,178.983036,32.84638439,,,,,,,,,
2021,9,23,117.3335418,178.9814187,32.84515598,,,,,,,,,
2021,9,24,117.3455715,178.9798013,32.84392757,,,,,,,,,
2021,9,25,117.3576013,178.978184,32.84269916,,,,,,,,,
2021,9,26,117.369631,178.9765666,32.84147074,,,,,,,,,
2021,9,27,117.3816608,178.9749492,32.84024233,,,,,,,,,
2021,9,28,117.3936906,178.9733319,32.83901392,,,,,,,,,
2021,9,29,117.4057203,178.9717145,32.83778551,,,,,,,,,
2021,9,30,117.4177501,178.9700971,32.83655709,,,,,,,,,
2021,10,1,117.4297798,178.9684798,32.83532868,,,,,,,,,
2021,10,2,117.4418096,178.9668624,32.83410027,,,,,,,,,
2021,10,3,117.4538393,178.9652451,32.83287186,,,,,,,,,
2021,10,4,117.4658691,178.9636277,32.83164344,,,,,,,,,
2021,10,5,117.4778988,178.9620103,32.83041503,,,,,,,,,
2021,10,6,117.4899286,178.960393,32.82918662,,,,,,,,,
2021,10,7,117.5019583,178.9587756,32.82795821,,,,,,,,,
2021,10,8,117.5139881,178.9571583,32.82672979,,,,,,,,,
2021,10,9,117.5260178,178.9555409,32.82550138,,,,,,,,,
2021,10,10,117.5380476,178.9539235,32.82427297,,,,,,,,,
2021,10,11,117.5500774,178.9523062,32.82304456,,,,,,,,,
2021,10,12,117.5621071,178.9506888,32.82181614,,,,,,,,,
2021,10,13,117.5741369,178.9490714,32.82058773,,,,,,,,,
2021,10,14,117.5861666,178.9474541,32.81935932,,,,,,,,,
2021,10,15,117.5981964,178.9458367,32.81813091,,,,,,,,,
2021,10,16,117.6102261,178.9442194,32.81690249,,,,,,,,,
2021,10,17,117.6222559,178.942602,32.81567408,,,,,,,,,
2021,10,18,117.6342856,178.9409846,32.81444567,,,,,,,,,
2021,10,19,117.6463154,178.9393673,32.81321726,,,,,,,,,
2021,10,20,117.6583451,178.9377499,32.81198884,,,,,,,,,
2021,10,21,117.6703749,178.9361326,32.81076043,,,,,,,,,
2021,10,22,117.6824046,178.9345152,32.80953202,,,,,,,,,
2021,10,23,117.6944344,178.9328978,32.80830361,,,,,,,,,
2021,10,24,117.7064641,178.9312805,32.80707519,,,,,,,,,
2021,10,25,117.7184939,178.9296631,32.80584678,,,,,,,,,
2021,10,26,117.7305237,178.9280457,32.80461837,,,,,,,,,
2021,10,27,117.7425534,178.9264284,32.80338996,,,,,,,,,
2021,10,28,117.7545832,178.924811,32.80216154,,,,,,,,,
2021,10,29,117.7666129,178.9231937,32.80093313,,,,,,,,,
2021,10,30,117.7786427,178.9215763,32.79970472,,,,,,,,,
2021,10,31,117.7906724,178.9199589,32.79847631,,,,,,,,,
2021,11,1,117.8027022,178.9183416,32.7972479,,,,,,,,,
2021,11,2,117.8147319,178.9167242,32.79601948,,,,,,,,,
2021,11,3,117.8267617,178.9151068,32.79479107,,,,,,,,,
2021,11,4,117.8387914,178.9134895,32.79356266,,,,,,,,,
2021,11,5,117.8508212,178.9118721,32.79233425,,,,,,,,,
2021,11,6,117.8628509,178.9102548,32.79110583,,,,,,,,,
2021,11,7,117.8748807,178.9086374,32.78987742,,,,,,,,,
2021,11,8,117.8869104,178.90702,32.78864901,,,,,,,,,
2021,11,9,117.8989402,178.9054027,32.7874206,,,,,,,,,
2021,11,10,117.91097,178.9037853,32.78619218,,,,,,,,,
2021,11,11,117.9229997,178.902168,32.78496377,,,,,,,,,
2021,11,12,117.9350295,178.9005506,32.78373536,,,,,,,,,
2021,11,13,117.9470592,178.8989332,32.78250695,,,,,,,,,
2021,11,14,117.959089,178.8973159,32.78127853,,,,,,,,,
2021,11,15,117.9711187,178.8956985,32.78005012,,,,,,,,,
2021,11,16,117.9831485,178.8940811,32.77882171,,,,,,,,,
2021,11,17,117.9951782,178.8924638,32.7775933,,,,,,,,,
2021,11,18,118.007208,178.8908464,32.77636488,,,,,,,,,
2021,11,19,118.0192377,178.8892291,32.77513647,,,,,,,,,
2021,11,20,118.0312675,178.8876117,32.77390806,,,,,,,,,
2021,11,21,118.0432972,178.8859943,32.77267965,,,,,,,,,
2021,11,22,118.055327,178.884377,32.77145123,,,,,,,,,
2021,11,23,118.0673567,178.8827596,32.77022282,,,,,,,,,
2021,11,24,118.0793865,178.8811423,32.76899441,,,,,,,,,
2021,11,25,118.0914163,178.8795249,32.767766,,,,,,,,,
2021,11,26,118.103446,178.8779075,32.76653758,,,,,,,,,
2021,11,27,118.1154758,178.8762902,32.76530917,,,,,,,,,
2021,11,28,118.1275055,178.8746728,32.76408076,,,,,,,,,
2021,11,29,118.1395353,178.8730554,32.76285235,,,,,,,,,
2021,11,30,118.151565,178.8714381,32.76162393,,,,,,,,,
2021,12,1,118.1635948,178.8698207,32.76039552,,,,,,,,,
2021,12,2,118.1756245,178.8682034,32.75916711,,,,,,,,,
2021,12,3,118.1876543,178.866586,32.7579387,,,,,,,,,
2021,12,4,118.199684,178.8649686,32.75671028,,,,,,,,,
2021,12,5,118.2117138,178.8633513,32.75548187,,,,,,,,,
2021,12,6,118.2237435,178.8617339,32.75425346,,,,,,,,,
2021,12,7,118.2357733,178.8601165,32.75302505,,,,,,,,,
2021,12,8,118.2478031,178.8584992,32.75179663,,,,,,,,,
2021,12,9,118.2598328,178.8568818,32.75056822,,,,,,,,,
2021,12,10,118.2718626,178.8552645,32.74933981,,,,,,,,,
2021,12,11,118.2838923,178.8536471,32.7481114,,,,,,,,,
2021,12,12,118.2959221,178.8520297,32.74688298,,,,,,,,,
2021,12,13,118.3079518,178.8504124,32.74565457,,,,,,,,,
2021,12,14,118.3199816,178.848795,32.74442616,,,,,,,,,
2021,12,15,118.3320113,178.8471777,32.74319775,,,,,,,,,
2021,12,16,118.3440411,178.8455603,32.74196934,,,,,,,,,
2021,12,17,118.3560708,178.8439429,32.74074092,,,,,,,,,
2021,12,18,118.3681006,178.8423256,32.73951251,,,,,,,,,
2021,12,19,118.3801303,178.8407082,32.7382841,,,,,,,,,
2021,12,20,118.3921601,178.8390908,32.73705569,,,,,,,,,
2021,12,21,118.4041898,178.8374735,32.73582727,,,,,,,,,
2021,12,22,118.4162196,178.8358561,32.73459886,,,,,,,,,
2021,12,23,118.4282494,178.8342388,32.73337045,,,,,,,,,
2021,12,24,118.4402791,178.8326214,32.73214204,,,,,,,,,
2021,12,25,118.4523089,178.831004,32.73091362,,,,,,,,,
2021,12,26,118.4643386,178.8293867,32.72968521,,,,,,,,,
2021,12,27,118.4763684,178.8277693,32.7284568,,,,,,,,,
2021,12,28,118.4883981,178.826152,32.72722839,,,,,,,,,
2021,12,29,118.5004279,178.8245346,32.72599997,,,,,,,,,
2021,12,30,118.5124576,178.8229172,32.72477156,,,,,,,,,
